,hemolytic,toxic,antimicrobial,antivirus,antiparasite,anticancer,antibacterial,antifungal,cellcellsignaling,neuropeptide,peptidehormone,antifreeze,cytokines_growthfactors,antioxidative,drugdelivery,opioid,ACE inhibitor,antihypertensive,antidiabetes,dipeptidyl peptidase inhibitor
LMIEQNTKSPLFMGKVVNPTQK,6.421485e-05,0.0030076557,0.34858245,0.10828742,1.1034891e-05,0.00016153211,0.022213353,0.0036014975,2.245943e-07,1.4894395e-05,0.00020965324,2.1137554e-05,0.07390251,6.2960926e-06,0.00043507904,9.423489e-09,2.1667919e-08,1.9258823e-05,7.837825e-07,2.6160354e-13
SDKPDMAEIEKFDKSKLKKTETQEK,5.5954337e-05,0.0057741283,0.40011302,0.09790207,0.00033525852,0.01184099,0.38336197,0.07944791,0.00040966127,0.002417093,0.04331573,5.9377054e-08,0.073663294,2.3893019e-05,2.8844675e-05,2.3444888e-10,3.5471075e-07,0.0006297139,0.00024297263,1.6281188e-11
GQGSSEDDLQEEEQIEQAIKEHLNQGSSQETDKLAPVS,5.1110885e-07,0.0006879248,0.03405095,0.0033931606,3.9024135e-06,0.00017650185,0.017961178,0.008017992,0.00010378576,0.66434467,0.4526412,7.280705e-11,0.3504593,2.150909e-06,4.2884712e-06,5.98082e-12,2.6200127e-09,2.0217283e-06,1.407851e-09,6.218677e-16
DSGEGDFLAEGGGVR,6.3459665e-06,0.00059102726,0.77996063,0.56291556,0.00032318637,0.003329448,0.43049496,0.2515413,3.0651372e-06,0.020767037,0.0009985076,7.0914585e-12,2.7585163e-05,0.0009519894,0.00053132273,7.582244e-09,1.3861768e-07,0.00017879126,4.36565e-06,5.6617737e-13
AGQAFRKFLPLFDRVLVERSA,1.864255e-05,0.00079026417,0.4943998,0.00428753,0.00053383596,0.0013906597,0.56905115,0.05643606,9.060391e-07,0.0023389417,0.0065379897,6.213638e-13,2.8672526e-05,7.6509207e-07,4.7105445e-05,1.8424583e-12,3.1620402e-08,1.384137e-05,7.638286e-06,3.542464e-15
DPELCAVTFVDRPVIG,2.4530164e-06,0.00072475546,0.12847957,0.012394938,2.5936437e-05,0.0015421824,0.13866706,0.008670125,1.7086377e-06,0.123727225,0.052559037,1.6840316e-12,1.2500504e-05,1.4733126e-05,6.939497e-05,7.2073506e-12,4.5231383e-09,3.0182157e-06,3.5478603e-05,9.14654e-13
SDKPDMAEIEKFDKSKLKKTETQEKNPLPSKETIEQE,6.5560134e-06,0.0026822793,0.40526873,0.12407726,0.00057177036,0.0036837787,0.2291204,0.058872156,1.8527177e-05,0.018131943,0.15966403,1.804219e-08,0.10774169,4.4977724e-06,2.7293495e-06,4.8260866e-12,4.66299e-08,9.160417e-05,1.0911472e-05,2.232141e-12
KNPLPSKETIE,0.00021396558,0.01241084,0.061450787,0.013622398,4.2805746e-05,0.0008161926,0.020309033,0.0053190403,1.8669782e-08,0.00015064757,3.8221565e-06,1.39528735e-08,0.0013034708,0.011536615,0.028340265,1.0202491e-07,0.020395737,0.45272392,0.24431562,5.0471677e-05
VHLTPEEKSAVTALWGKVNVDEVGGEALGRLLVVYPWTQRF,7.842223e-05,0.0024894872,0.15286471,0.0054693874,0.00037822072,0.0037065588,0.4772957,0.011676146,9.977e-07,0.016579501,0.07797294,3.7072425e-07,0.027366709,0.00014255162,0.0019853744,0.10837525,5.7590883e-06,0.0025214464,0.0059306375,1.5495611e-07
QEKNPLPSKETIEQEKQAGES,4.2176007e-06,0.0026159834,0.21608174,0.022363788,9.868393e-05,0.00065164926,0.12457086,0.018992689,5.8904145e-05,0.2939553,0.10583617,5.872468e-11,0.0009470935,9.065756e-05,8.343592e-05,2.0914912e-11,9.807739e-05,0.010300847,0.0027963575,2.1428908e-09
SETAPAAPAAAPPAEKAPVK,0.00025473966,0.005189088,0.17897697,0.030002985,0.00036674316,0.0011134639,0.17654516,0.021360567,8.697463e-07,0.0005201259,0.00021492445,5.903649e-05,0.03334743,0.0013832219,0.0010736258,2.9969045e-09,6.6112434e-06,0.0006679137,2.9981989e-06,7.18174e-11
AAHLPAEFTPAVHASLDKFLASVSTVLTSKYR,0.005131019,0.023018224,0.2634205,0.012034258,0.00032294018,0.008884946,0.8409408,0.07443707,4.0409773e-07,0.00019553225,0.00069960026,3.6624072e-11,0.00010411676,2.6701224e-08,8.2791295e-05,3.7090917e-13,1.0131981e-11,3.7551242e-08,1.17254544e-07,9.03308e-19
SDKPDMAEIEKFDKSKLKKT,0.00061401934,0.022988025,0.22965989,0.020691842,8.961059e-05,0.011077141,0.72055876,0.099950805,0.00026038758,0.02114737,0.046292335,7.111379e-11,0.0005711708,1.3575477e-05,0.00013958217,2.0161403e-10,7.494832e-09,7.5088865e-06,3.6301535e-05,2.7625173e-14
TPAVHASLDKFLASVSTVLTSKYR,0.016329667,0.06069957,0.5484559,0.059027307,0.0012842673,0.010032197,0.7907641,0.118028834,2.7778682e-09,6.5219256e-06,2.9264444e-05,1.5181916e-05,0.00016315913,6.7135794e-08,0.0017538304,6.0324323e-10,2.149259e-10,2.62093e-07,5.2037094e-06,4.5719826e-16
ISWYDNEFGYSNRVVDL,0.000108288994,0.00408768,0.51983845,0.25588837,0.0002992003,0.0062574027,0.22028895,0.031850062,3.300418e-05,0.28139502,0.2600042,5.2520133e-18,3.9521615e-07,7.4321918e-09,1.3502424e-06,9.0407596e-15,1.5076994e-09,8.508265e-07,2.563174e-08,9.722979e-16
EEEIAALVIDNG,1.7768068e-06,0.00030242058,0.4318897,0.31864452,0.0008580425,0.011523878,0.26374617,0.030783173,8.629865e-06,0.0047675623,0.00067421107,3.6605868e-16,5.619106e-07,3.8324956e-07,3.6445733e-06,1.1219741e-15,5.7755726e-05,0.0043038465,0.048134603,1.6679424e-08
AEIEKFDKSKLKKTE,0.002180159,0.023289278,0.369101,0.05145762,0.00013585917,0.004178337,0.5542316,0.1159847,2.1219781e-05,1.2168191e-05,1.8606266e-05,9.277794e-17,8.295701e-07,3.1280488e-06,0.00090003124,2.667282e-13,2.8431282e-08,4.0635423e-05,4.305177e-06,1.1354113e-11
VLSPADKTNVKAAWGKVGAHA,0.056403063,0.07715232,0.54134643,0.1788077,0.006045065,0.012761019,0.8483698,0.25950578,2.2951456e-09,1.4882262e-07,4.6791894e-07,5.0309022e-15,1.784767e-08,4.4874938e-07,3.4788314e-07,1.3838531e-14,4.2333594e-09,2.4868648e-06,2.2649785e-06,7.631751e-15
NPLPSKETI,0.00103944,0.021636497,0.031928033,0.0058832383,4.5598077e-05,0.0013764405,0.016939629,0.016052717,6.472608e-08,2.2702498e-05,2.277795e-06,8.769833e-09,0.001905128,0.0045217164,0.003745156,3.0201335e-07,0.14898804,0.5773605,0.21650688,0.0005047916
SSQGGSLPSEEKGHPQEESEESNVSMASLGE,6.2410564e-08,9.503463e-05,0.0014928946,0.0005693458,2.8411858e-07,8.7781445e-05,0.00063113065,0.0030385558,0.0032980577,0.9653835,0.9849575,1.848204e-11,0.0014179348,6.849129e-08,5.135823e-06,2.106844e-13,2.59616e-07,9.674105e-05,7.2107496e-06,2.2068647e-13
SDKPDMAEIEKFDKSKL,8.892167e-05,0.010118036,0.22141191,0.015210627,4.084038e-05,0.0062540635,0.50079304,0.077207446,0.0027952162,0.22796516,0.17856435,1.4416725e-11,0.00087658764,1.3937606e-05,1.6970507e-05,5.658592e-12,3.998301e-07,0.0010603244,0.0017254923,1.40526245e-11
VHLTPEEKSAVTALWGKVNVDEVGGE,0.00014120119,0.0043710945,0.19795837,0.053794958,0.00040980158,0.0028058286,0.49843556,0.013943288,9.945468e-08,2.1757114e-05,0.00063564826,5.9420235e-10,0.0068089752,0.00010335533,4.268153e-05,4.7352766e-09,2.5025548e-09,4.795769e-06,5.3088415e-06,1.0170749e-13
SDKPDMAEIEKFDKSKLKKTE,0.00038777693,0.014333045,0.26813254,0.044699587,0.0001936955,0.008038248,0.509178,0.11670158,0.0016572995,0.08711327,0.07346003,9.972668e-09,0.0050099813,3.1236676e-05,0.0002661042,1.4498726e-09,1.1506579e-08,1.138476e-05,3.9519502e-05,1.13308905e-13
ADKPDMGEIASFDKAKLKKTETQEKNTLPTKETIEQEKRSEIS,1.5338097e-05,0.0029117088,0.020564573,0.0012492441,2.438451e-07,8.285841e-05,0.0010640676,0.0011466247,0.00051134184,0.22616422,0.24737084,4.9035476e-10,0.080458574,6.718261e-07,2.077789e-06,1.329521e-11,5.556924e-10,7.676666e-07,1.0318411e-07,2.1016044e-15
WDNLEKETEGLRQEMSKDLEEVKAKVQPYLDDF,0.00022059551,0.008266848,0.40289927,0.047658905,0.00015626462,0.0020499092,0.27723882,0.056255948,1.4179801e-06,0.017221112,0.24710755,3.4882295e-12,0.0022895548,0.000118226,0.00052806846,1.5304586e-09,2.5010393e-11,7.9798085e-08,5.5707847e-08,7.6500317e-17
TQEKNPLPSKETIEQEKQAGES,1.7167058e-06,0.001858985,0.2362556,0.054964226,3.5540845e-05,0.00055970653,0.09961593,0.011289546,0.00046105558,0.21400264,0.12858433,3.4044796e-09,0.0053933105,2.7428756e-05,0.00014616291,4.5544946e-11,7.7187186e-05,0.010374697,0.0020770049,2.420787e-09
KEFTPPVQAAYQKVVAGVANALAHKYH,0.00022337779,0.006936386,0.5286696,0.021792877,0.00032256613,0.0020084358,0.9751271,0.46550226,6.952939e-08,8.788436e-05,0.00039948808,9.134615e-14,1.7266959e-07,2.0550562e-08,1.9317658e-06,7.117649e-14,4.4555213e-07,0.0001123,2.1340384e-07,8.9339065e-14
KFLASVSTVLTSKYR,0.014178121,0.034652032,0.6221442,0.09318791,0.0018299853,0.016433194,0.87083083,0.41360205,3.891295e-08,1.2988544e-06,1.3960387e-06,1.4177743e-08,0.00029397674,1.06912485e-05,0.018958405,7.597466e-09,1.0192882e-06,0.00025849958,0.005055149,2.9344333e-11
DKFLASVSTVLTSKYR,0.0028090153,0.018973151,0.6639577,0.24815583,0.0031130984,0.017563615,0.7455157,0.2922903,7.572832e-08,5.512844e-06,1.0627915e-05,3.1287642e-10,7.194638e-05,6.784366e-06,0.008670871,1.464463e-10,3.042591e-07,7.936751e-05,0.002677763,1.4433883e-11
DTAKKPIIGILMQKCRN,4.6599176e-05,0.0031071366,0.278009,0.0028584546,3.886847e-05,0.014170408,0.55863744,0.06133636,5.2559604e-05,4.954082e-05,0.00213819,3.9448696e-13,2.815835e-08,3.0005175e-08,1.2065759e-05,2.0450635e-14,5.674077e-09,1.3368073e-06,5.9998705e-08,6.2911476e-13
GPIITVHPKEIRTFFIHFQQ,0.0005233931,0.009663622,0.33545724,0.010543236,0.0011606681,0.0095037315,0.8026681,0.121515036,1.7722675e-10,9.318355e-08,5.482766e-08,2.9186497e-11,0.008280184,4.4147106e-07,1.2515721e-05,1.3290133e-10,3.3054057e-06,0.00031309557,6.4871347e-06,2.4584664e-11
KNPLPSKETIEQEKQAG,3.278371e-05,0.0053604487,0.41468993,0.12536722,0.00017661185,0.004545684,0.47009024,0.052391283,1.0048233e-05,0.11523261,0.010213593,8.52103e-13,3.139659e-05,3.0531835e-05,5.7397563e-05,5.642877e-13,0.0004873105,0.019998284,0.0003456074,2.9677683e-09
EDPQGDAAQKTDTSHHDQDHPTFNKITPNL,5.971159e-08,0.00018834053,0.017035712,0.0015592721,0.0002252493,0.0013802506,0.023300532,0.020500986,4.6892164e-05,0.6133152,0.5859174,4.0642142e-08,0.08157233,9.925725e-06,3.4835295e-05,3.5470948e-10,2.6213812e-08,9.067351e-06,8.083977e-07,5.5779204e-13
SDKPDMAEIEKFDKSKLKKTETQEKNPLPSKETIEQEKQAGE,7.406644e-06,0.0025992782,0.25754836,0.09268533,0.0001135246,0.0018676964,0.28731537,0.014053719,6.7632776e-05,0.1085816,0.42846197,3.0186975e-09,0.08439766,1.784466e-05,1.0762659e-05,1.3000434e-11,4.2472145e-08,4.4893408e-05,5.233044e-06,6.0018554e-13
AYQKVVAGVANALAHKYH,0.010261954,0.030868758,0.23697126,0.021206906,0.00038303106,0.0034732185,0.9869946,0.42978388,6.8712596e-09,2.3370281e-05,1.1622391e-05,3.2039726e-14,7.68444e-07,1.5874076e-07,2.1950136e-06,1.5148302e-13,0.00039274772,0.021168757,8.658381e-05,3.5872874e-11
VLSPADKTNVKAAWGKVGAHAG,0.037507188,0.06296306,0.5225047,0.051000554,0.0036897263,0.0055233096,0.8937144,0.19566943,1.0435774e-09,5.342377e-08,1.7249363e-07,6.257444e-16,9.535638e-10,9.929049e-08,9.845422e-08,1.7189816e-15,1.7825112e-09,9.1202935e-07,3.722179e-07,2.5644378e-15
PLPSKETI,0.00024387338,0.0053067394,0.11084789,0.03600473,0.00022026878,0.004935942,0.062288303,0.027762104,1.0283679e-07,2.5579788e-05,1.5881603e-06,1.5990901e-09,0.0071955533,0.011680547,0.00180871,1.9529043e-07,0.08503304,0.51926655,0.4968342,0.013480611
SDEREVAEAATGEDA,1.2231841e-05,0.0014370144,0.0765403,0.12824923,2.9189701e-05,0.00084179937,0.009320617,0.0057873265,0.0029949541,0.5289505,0.073974535,1.3820696e-10,5.113607e-06,1.4088512e-05,0.0002389814,2.224503e-11,8.028279e-08,4.3071977e-05,0.005809149,1.04606726e-10
ACYCRIPACIAGERRYGTCIYQGRLWAFCC,1.5991685e-05,0.0012483569,0.5099316,0.07503852,0.0009045518,0.020423787,0.9776481,0.782189,1.431417e-12,3.4618738e-10,9.127658e-09,3.1014103e-08,0.15973094,2.2360655e-05,0.00042202562,4.3413497e-08,2.1702537e-16,5.0899987e-12,1.0469432e-14,9.291151e-26
AEPAVQRTLLEK,0.00016503858,0.0027498878,0.6557827,0.12297313,0.00061492965,0.0020101494,0.3273763,0.076695964,2.221117e-08,5.665025e-06,2.3418183e-05,2.5576586e-08,7.7739875e-05,9.584945e-05,0.09756999,6.606527e-09,3.338474e-05,0.013187083,0.04337681,1.1159007e-10
AEIEKFDKSKLKKTETQEKNPLPSKETIEQEKQAGES,2.1346605e-06,0.0010591146,0.29349136,0.023621937,0.00014662543,0.0010510656,0.2208151,0.015584973,1.608775e-05,0.09560089,0.09073676,2.8715688e-10,0.004700412,1.1698252e-05,8.219051e-05,1.6286401e-11,9.1901725e-08,0.00038751037,7.3404676e-06,7.2575444e-12
HLPAEFTPAVHASLDKFLASVSTVLTSKYR,0.007927703,0.030547509,0.40875107,0.027912859,0.0016432393,0.01334556,0.81154984,0.10919347,2.6349713e-07,0.00029475655,0.0013278273,1.43955265e-08,0.00037623837,5.6486704e-07,0.00030360138,3.285882e-10,2.91389e-11,8.327633e-08,4.417504e-07,5.680287e-18
ALDKLKEFGNTLEDKARELISRIKQSELSAKMREWFSETFQKVKEKLKIDS,0.00019688296,0.004423184,0.27342433,0.020450547,0.0041773887,0.012943176,0.5321939,0.06382327,7.81412e-09,3.9758643e-06,5.845132e-05,1.9289786e-15,1.3635839e-06,1.023231e-08,8.673605e-06,1.2337278e-15,2.560272e-11,2.2617901e-07,6.173308e-09,3.448728e-17
SDKPDMAEIEKFDKSKLKKTETQEKNPLPSKETIEQ,1.0476198e-05,0.004269642,0.29656404,0.08042771,0.00017466866,0.0029433677,0.21039012,0.030861992,5.955335e-06,0.011561205,0.06941609,9.156025e-07,0.15427096,1.09085495e-05,3.0142823e-05,2.1833797e-10,5.7050823e-07,0.0011347277,0.00016693819,2.6573657e-10
VHLTPEEKSAVTALWGKVNVDEVGGEA,0.00013982996,0.0040037544,0.271609,0.051499564,0.001134896,0.003915225,0.56358254,0.026949655,4.6184233e-08,1.977727e-05,0.0004377029,3.5805716e-09,0.00834732,0.0002017951,6.3624044e-05,7.094774e-09,8.472529e-09,9.095858e-06,4.6735486e-06,3.6282948e-13
PPPPPPPPPPPPPPPPPPPPPPPPPAL,4.6288076e-10,4.6203545e-06,0.19635305,0.0053564976,0.0009000155,0.0061322544,0.9546164,0.114751615,2.6289778e-14,3.0906943e-07,9.77671e-07,4.376692e-15,0.00016626273,5.399459e-07,1.3599976e-07,1.0866138e-16,9.63125e-11,1.0662403e-06,1.4313484e-05,1.086839e-19
VHLTPEEKSAVTALWGKVNVDEVGG,0.00014755172,0.0039557926,0.33880436,0.02047865,0.0010709375,0.004121318,0.65040064,0.022040624,7.743993e-10,9.636092e-07,1.382107e-05,1.0882858e-12,4.732913e-05,1.9294337e-06,1.4126583e-06,2.7774134e-11,1.2089514e-09,1.7921377e-06,3.9908714e-06,6.6872485e-14
LIKTVETRDGQVINETSQHHDDLE,1.2813277e-05,0.001764951,0.4696382,0.10031603,0.00086259376,0.004569213,0.37449867,0.06677599,6.7049086e-08,3.6255933e-05,0.00016962549,8.972803e-12,0.050438195,1.7138746e-06,5.322285e-06,3.5815847e-12,8.4323587e-10,6.3311523e-07,4.6283373e-09,6.5396523e-16
GYPEEKKEEEGSANRRPEDQELESLSAIEAELEKVAHQLQALRR,5.128858e-07,0.0001417157,0.003976864,0.00033296354,1.7354349e-05,0.00037855777,0.0055462485,0.0051412387,0.89920044,0.97046775,0.8492975,4.2290702e-12,0.00010813067,4.714191e-06,1.2206546e-05,1.7128574e-10,3.0767242e-10,3.7425986e-07,6.789248e-09,8.129368e-17
DKPDMAEIEKFDKSKLK,0.0001544066,0.012316676,0.104092166,0.0007883004,3.2980654e-06,0.002177407,0.56933796,0.023727374,0.0019658136,0.04399868,0.06792754,1.29585385e-14,1.2058317e-06,1.4202668e-06,1.0954858e-05,2.7079315e-14,7.405976e-08,4.7247282e-05,6.1709965e-05,1.0074896e-12
MDGIVPDIAVGTK,1.3324687e-05,0.0026505652,0.061199106,0.0007557624,3.1623546e-05,0.00022663994,0.13757855,0.0029837047,1.489234e-05,0.0002595074,0.004775073,2.527395e-14,6.401192e-08,4.404818e-09,8.887537e-07,4.726561e-16,0.00016268947,0.007611821,0.0006571649,1.6781438e-07
VHLTPEEKSAVTALWGKVNVDE,0.00021555574,0.004865189,0.32300407,0.029769227,0.0012823084,0.0068084868,0.6150385,0.064631574,3.4672163e-07,1.7977964e-05,2.6129128e-05,5.5866183e-11,0.00035179505,9.0956055e-06,1.3026236e-05,2.597639e-10,5.1051463e-10,8.087135e-07,2.5722449e-07,2.659618e-14
YQKVVAGVANALAHKYH,0.012406766,0.03561499,0.27214876,0.024814526,0.00032858975,0.0034566005,0.98289126,0.45970625,1.187121e-08,1.8811708e-05,1.4948298e-05,1.4455668e-14,4.1537046e-06,1.1318522e-06,6.0326843e-06,3.2524683e-13,0.000997258,0.045331933,7.209093e-05,4.6746856e-11
TTSASSHLNKGIKQVY,1.6730013e-06,0.00021935534,0.5031351,0.37010768,0.00097357575,0.011003286,0.71570754,0.28516915,2.4052639e-08,6.554941e-05,3.6170204e-05,5.471239e-11,1.8477627e-06,2.419175e-06,0.00039400306,4.2440045e-12,2.3620649e-07,4.665016e-05,1.909671e-07,2.4518384e-13
AAPRPSPAISVSVSAPAF,8.655272e-06,0.00029944727,0.040650018,0.01763634,0.0005160083,0.010361226,0.095329,0.03464753,0.0022948657,0.17415567,0.25917932,2.0677934e-12,5.348537e-07,3.3810117e-09,5.0208128e-06,7.8297534e-16,2.2506427e-10,2.530133e-07,2.218702e-08,2.0886641e-17
VHLTPEEKSAVTALWGKVNVDEVGGEALGRL,0.00014509662,0.003520169,0.25266913,0.014364241,0.0037302724,0.009140676,0.65942836,0.07890718,1.6902331e-07,0.00081403146,0.026954252,6.18104e-13,5.8446585e-05,1.6870008e-06,5.5903206e-06,2.0800136e-11,8.760175e-10,1.5974498e-06,1.0471953e-06,2.0656523e-14
KTETQEKNPLPSKETIEQEKQ,2.9993591e-06,0.0038486167,0.3308811,0.47651896,2.9608433e-05,0.00048781405,0.027646655,0.0032627534,2.6241844e-06,0.0030107084,0.0014600536,9.080298e-07,0.14038159,0.00015644684,7.20028e-05,5.9840055e-10,0.00030466524,0.02900494,7.429123e-05,1.2649632e-09
VVRHQLLKT,0.0005108404,0.008854,0.1507666,0.008678132,0.00089608727,0.0031155765,0.40985352,0.025217885,2.6136515e-09,9.581919e-07,4.2018377e-07,5.2654716e-09,0.00014337109,0.003868369,0.029316634,1.9213164e-08,0.0014891764,0.047328327,7.29313e-05,1.9508974e-09
DDDIAALVVDNG,4.2824668e-06,0.0012955719,0.053540748,0.07512537,7.0048314e-05,0.0020783986,0.17414398,0.017961446,2.1616593e-06,0.007092842,0.0012117062,4.337945e-14,7.3797214e-06,1.918182e-06,1.159323e-05,6.582111e-16,2.4959452e-06,0.00023689948,0.002341775,7.526891e-09
DSYVGDEAQSKRGILT,4.7249163e-05,0.0023460195,0.13881285,0.067267075,0.0005487328,0.007780341,0.07670564,0.013903317,6.7533416e-05,0.2813889,0.26524413,1.9426495e-15,0.00013768607,0.000154638,7.1890565e-05,1.5051309e-10,7.057831e-08,2.0245567e-05,5.1555187e-05,2.5316148e-11
VHLTPEEKSAVTALWGKVNVD,0.0003579789,0.005870913,0.51446503,0.14411378,0.00315242,0.015348451,0.7160162,0.1455553,2.3006639e-07,6.024494e-06,1.2342049e-05,1.661059e-13,3.264962e-05,1.3681577e-06,9.458048e-06,2.6580552e-12,2.1500646e-09,1.1655466e-06,4.8332384e-07,6.9992455e-13
PYQYPALTPEQKKELSDIAHRIVAPGKG,6.9395164e-06,0.00052807375,0.18249695,0.012393102,0.00015837887,0.0009067416,0.124062896,0.015669677,1.2234234e-08,5.2566582e-05,0.000988706,1.5203229e-10,0.000120714285,1.3397536e-05,0.00012986096,5.248321e-10,6.4832237e-09,1.2884542e-05,7.7398846e-07,2.5110616e-13
VLSPADKTNVKAAWGKVGAHAGEY,0.08825107,0.09600608,0.44998986,0.032039903,0.0011284577,0.004537885,0.78417253,0.16617599,2.1640522e-08,3.1362736e-06,6.6260777e-06,4.1572364e-16,1.3682599e-08,1.0522238e-08,8.540151e-08,1.4600325e-16,7.1074713e-10,6.9812313e-07,4.6191994e-07,9.278046e-16
FTPPVQAAYQKVVAGVANALAHKYH,0.0003266157,0.0074508497,0.6669892,0.07825997,0.002456606,0.002703503,0.94943154,0.6433956,1.0582442e-09,3.3843505e-06,3.621288e-05,2.1422011e-12,1.1670483e-06,5.6957294e-08,1.3731091e-05,3.6819374e-11,1.1135302e-05,0.0012780733,6.8275963e-06,6.8327934e-12
EKNPLPSKETIEQEKQAGES,5.054192e-06,0.0023260182,0.12086016,0.017832965,1.074182e-05,0.00057354994,0.10735057,0.0062683886,8.8164576e-05,0.34746248,0.073235214,3.5470096e-11,0.00017675602,0.00023586827,0.00029615898,1.6746961e-11,0.00071343227,0.02995323,0.025757467,5.5928098e-08
KNPLPSKETIEQE,1.6723438e-05,0.0037881,0.35173753,0.1715641,0.0001727319,0.0025693076,0.18320829,0.031922642,3.0635712e-07,0.0036481149,5.300634e-05,4.163466e-10,0.0054231556,0.0012528562,0.0017901523,2.050231e-09,0.0037269976,0.09016227,0.005884081,3.5157058e-07
ASGVAVSDGVIKVF,0.00050401443,0.0049519585,0.14334564,0.02846157,0.000818211,0.03633203,0.5888941,0.04044616,3.7430218e-07,6.838866e-05,5.9864833e-06,1.8870426e-13,3.707662e-06,2.6464763e-06,4.0084393e-05,7.839e-14,0.0009130285,0.02425069,0.118448354,2.718601e-06
TQEKNPLPSKETIEQEKQA,8.153132e-06,0.006433164,0.3940625,0.30753702,0.00020674607,0.00065374444,0.06368841,0.008070556,5.2760868e-05,0.014677438,0.01297118,5.976849e-11,0.003338019,1.5252863e-06,2.0994317e-05,7.4798865e-12,0.001302725,0.08903151,0.0018906338,1.0619196e-08
VHLTPEEKSAVTALWGKVNVDEVG,0.00018548784,0.0045341896,0.41268212,0.07949157,0.0022234195,0.005416452,0.50196254,0.028680945,1.0493266e-08,7.396845e-06,4.8736067e-05,6.6981373e-12,0.000182509,4.706081e-06,5.7019724e-06,1.3529644e-10,5.9131735e-09,5.7624734e-06,7.1498484e-06,3.646399e-13
LEPTVIDEVR,3.7668993e-05,0.0011887422,0.117166474,0.29437083,3.289789e-06,0.00043278467,0.0020584497,0.004096373,7.3297684e-08,0.00139062,3.098699e-05,1.671635e-12,0.00010193011,0.00038618132,0.00024473673,4.557629e-13,1.8237719e-05,0.0010318101,3.4876437e-05,4.625075e-10
AEIEKFDKSKL,0.00063455384,0.008583316,0.14418179,0.018409671,1.44834075e-05,0.0042260545,0.57331693,0.1080422,0.0001927345,0.0129538905,0.0006396513,3.973774e-18,2.2496488e-07,8.398799e-07,9.075573e-06,1.7813107e-15,7.8271434e-05,0.03432051,8.313303e-05,6.4827717e-09
PLPSKETIEQEKQAGES,2.001828e-05,0.0024871079,0.08745675,0.16554573,1.2115963e-06,0.00063119584,0.01469144,0.0048023714,0.0001261587,0.6545032,0.27255595,1.3506642e-12,0.0010350386,0.00020713797,0.00048868963,5.7905875e-10,0.000590247,0.022166643,0.023614401,1.9186947e-07
TETQEKNPLPSKETIEQEKQAGES,1.0172727e-06,0.0015999556,0.3426134,0.15442513,5.5335304e-06,0.000237384,0.030213837,0.0078060366,0.00013964095,0.25812298,0.15523095,3.3596373e-07,0.013414514,0.000109933586,0.00018308646,2.7858402e-10,0.00069028966,0.053873867,0.0030967372,3.7790073e-09
VLSPADKTNVKAAWGKVG,0.009865593,0.035155103,0.5325675,0.21718523,0.024286205,0.012657264,0.8303257,0.1697747,4.236658e-09,7.086902e-07,7.163191e-06,1.9872298e-19,1.0787954e-11,3.8193265e-10,4.8514925e-09,5.4531923e-19,7.3354875e-07,8.9915935e-05,4.11418e-05,1.0831958e-12
KNPLPSKETI,0.0008412228,0.017564757,0.29083025,0.011610881,0.00011222457,0.0010517067,0.12744209,0.01244263,8.950236e-09,3.63711e-06,7.8703397e-07,1.9502542e-09,0.0021061953,0.0025594048,0.0039511537,2.2321379e-07,0.06011821,0.4432683,0.16257945,6.782302e-05
EFTPAVHASLDKFLASVSTVLTSKYR,0.009410398,0.048713613,0.40358716,0.035895437,0.00081878074,0.010648933,0.93983203,0.17041786,1.2477746e-07,0.0015828194,0.0033393737,1.7456054e-08,0.00014944651,9.1221054e-08,0.0007273663,5.3032795e-10,1.7015823e-10,2.6632455e-07,4.033973e-06,1.010123e-16
DTAKKPIIGILMQKCRNK,2.41934e-05,0.0021913133,0.4447773,0.004742028,6.7713285e-05,0.004084942,0.6325322,0.06407315,2.5359423e-05,1.9797943e-05,0.0010498196,2.147692e-12,2.6731004e-07,2.424639e-07,0.00017076473,5.9500744e-13,6.4027654e-09,1.2680041e-06,4.2930075e-08,1.5839317e-13
QGVNDNEEGFFSARGHRPLD,8.803773e-06,0.0014617547,0.649623,0.10782733,0.0001551606,0.0007613549,0.08341732,0.031194385,4.536176e-05,0.09462723,0.40530214,3.109777e-15,1.0043704e-08,2.6255582e-09,6.9215656e-07,2.0456669e-16,8.4746404e-11,1.7469978e-07,3.446564e-09,5.863834e-16
VHLTPEEKSAVTALWGKVNVDEV,0.00016791772,0.004007668,0.4479243,0.11998047,0.0012392648,0.005716604,0.49240947,0.024590243,1.953364e-08,3.0309052e-06,1.3985911e-05,1.7315753e-11,6.9913e-05,2.0561872e-06,1.3689789e-05,2.0183213e-10,1.899203e-09,2.3343587e-06,7.5928017e-07,6.2441195e-14
LTCYGDSGQPVDWFVVYKLPALRG,4.519566e-05,0.0015731454,0.14027554,0.110073164,0.00031099722,0.0032609894,0.017144669,0.00801407,1.4338936e-09,2.519706e-05,6.1362225e-05,8.3595484e-13,4.5002157e-06,1.2876191e-07,0.00023375703,1.3584343e-12,8.8405776e-11,1.3210836e-06,1.1493832e-07,8.002664e-18
APPGRPEAQPPPLSSEHKEPVAGDAVPGPKDGSAPEV,4.0545274e-07,0.00018595665,0.0010066851,0.00047491776,1.2880703e-07,0.00011682181,0.00082626444,0.0011524842,0.00023055,0.18377362,0.892364,1.1743491e-11,0.00091411395,8.7941956e-08,2.6492594e-06,5.1004876e-13,9.273538e-06,0.0041992664,0.00024331911,2.0358962e-12
VLSPADKTNVKAAWGKVGAH,0.020516956,0.04370842,0.6260263,0.28022528,0.002061135,0.011015958,0.79241925,0.24295685,8.045794e-10,3.0139086e-07,5.132355e-07,1.3658735e-17,2.876367e-09,1.2248853e-07,1.1067677e-07,2.4435064e-16,6.1295133e-09,2.4642816e-06,1.1502442e-06,3.300233e-15
VLSPADKTNVKAAWGKVGAHAGEYG,0.035214715,0.06372386,0.4587589,0.02502351,0.0011878756,0.002410309,0.75994796,0.10918745,2.3998936e-09,1.7626929e-06,9.0354415e-06,5.5796897e-18,8.531355e-10,1.9052337e-09,2.333122e-08,8.048245e-18,7.2559865e-09,3.4143097e-06,1.9813156e-06,5.8939623e-15
KLKKTETQEKNPLPSKETIEQEKQAGES,1.5432531e-06,0.0010938484,0.4345265,0.20864904,0.00010027535,0.0034134698,0.32810825,0.05610911,4.8016504e-06,0.019196177,0.042291798,4.094009e-07,0.0561272,3.9678947e-05,9.521886e-05,3.5478995e-10,7.30672e-07,0.00016979486,9.474743e-06,1.2638367e-12
FLASVSTVLTSKYR,0.006293548,0.021230439,0.5481256,0.13951336,0.00039932434,0.008499086,0.84039813,0.4255887,2.8597623e-07,3.752915e-05,4.330182e-05,1.6018301e-08,0.00023984819,4.596699e-05,0.1317036,1.1028061e-05,6.0213783e-06,0.0009012191,0.1549782,4.854757e-10
TYAPVISAEKAYHEQ,1.1785869e-05,0.0005131651,0.09033857,0.01028505,5.1265406e-06,0.00048341896,0.005744214,0.0049037067,0.001200278,0.17554995,0.107558094,5.20598e-09,7.683803e-05,0.00036697468,0.00041903072,2.4135294e-09,1.9928604e-05,0.0016754434,5.2968644e-06,4.776389e-12
QKVVAGVANALAHKYH,0.010152464,0.03500861,0.25734946,0.0155945,0.00032486508,0.002429458,0.98855275,0.48625746,8.209578e-09,2.295425e-05,1.948249e-05,1.6972317e-16,1.5403399e-06,2.630029e-09,3.9435272e-07,6.177454e-17,0.00018054328,0.01192081,7.8000216e-05,4.39962e-12
AAPRPSPAISV,7.8494064e-05,0.0020124922,0.030730803,0.0009035133,5.295509e-06,0.00027660394,0.28462154,0.0076583624,0.00046942235,0.119018815,0.034358833,3.0322973e-19,1.469641e-09,2.2356317e-09,1.9328154e-05,7.172369e-18,2.068402e-06,0.0002963093,3.7519708e-06,3.6021006e-12
FTPAVHASLDKFLASVSTVLTSKYR,0.029683474,0.07296429,0.4413062,0.037204318,0.0009944269,0.014549705,0.9358028,0.21788049,2.6751044e-09,2.4845247e-05,6.647579e-05,7.012305e-08,7.694771e-05,4.0603606e-08,0.0005098641,1.6720134e-09,7.2957425e-11,1.4094893e-07,1.2971485e-06,1.5895245e-17
AEIEKFDKSKLKKT,0.0033990021,0.02828462,0.29191822,0.007003417,5.030419e-05,0.0026435954,0.84065884,0.1370172,7.001518e-06,2.9833009e-06,3.4248471e-06,1.5059033e-18,3.4017962e-06,1.5756197e-07,0.00012006372,4.545893e-14,7.8478894e-09,7.3865785e-06,6.6446995e-07,1.1035642e-13
SDKPDMAEIEKFDKSKLK,0.0002946178,0.0150029855,0.19483016,0.006389982,1.8207069e-05,0.004338961,0.5841196,0.07744484,0.0050554615,0.06569265,0.068679325,3.89612e-12,0.00024215881,1.6996464e-05,3.160806e-05,1.8228453e-11,9.9633006e-08,6.954371e-05,0.00021472022,1.140616e-12
IEKFDKSKLK,0.00072168454,0.008128704,0.15859246,0.005786429,7.5782526e-05,0.0048037893,0.8542817,0.102537915,1.1070395e-06,3.646778e-07,7.646671e-08,2.4474956e-17,2.0382149e-07,5.6199383e-07,8.917881e-05,1.2190594e-13,3.895487e-05,0.0031320606,2.404016e-05,1.3939365e-11
MAEIEKFDKSKLKKTETQEKNPLPSKETIEQEKQAGES,4.9491136e-06,0.0016695965,0.26060995,0.0075099566,6.462699e-05,0.00044597973,0.19074881,0.007310161,1.928911e-06,0.034256928,0.25185648,2.6263705e-10,0.0029440138,5.1473003e-06,2.3660858e-05,1.8323548e-12,6.2982815e-07,0.0012487166,2.0147108e-05,2.7630592e-10
MREIVHLQAGQCG,1.9753493e-08,2.5155567e-05,0.23866208,0.14334583,0.0041556126,0.013249119,0.16876891,0.10709969,3.0676975e-07,0.0012912587,0.006295194,5.7350087e-07,0.11264534,0.004118101,0.0075457445,8.455023e-06,0.00022309627,0.023701018,0.008108901,7.4056636e-08
DDDIAALVVDNGSGM,2.7813117e-06,0.0006289581,0.008899612,0.0012983521,1.3908668e-05,0.0005176281,0.073138945,0.009485137,9.361206e-07,0.16389295,0.011679721,2.22658e-16,9.623716e-07,1.8705384e-08,1.0903365e-07,6.8181334e-18,8.735867e-08,2.2456737e-05,0.02217329,4.1963343e-11
SDKPDMAEIEKFDKSKLKKTETQEKN,3.547921e-05,0.00457725,0.32607052,0.04427472,0.00029279577,0.006373544,0.3158234,0.06895068,0.00029852544,0.00874917,0.0748355,9.485558e-08,0.09779913,2.5971516e-05,1.1510987e-05,1.2674632e-10,3.908703e-07,0.00044774124,0.00046747123,2.7269575e-11
SDKPDMAEIEKFDK,1.8325956e-05,0.0037425845,0.1007535,0.052693617,3.2619646e-05,0.0035163339,0.10322539,0.013665671,0.0003324404,0.22914061,0.29268423,7.43459e-18,8.748804e-09,4.602635e-09,1.093088e-07,1.8031344e-18,0.00036427667,0.12604238,0.031545255,3.5700726e-08
APAANSDQTVTVKE,1.3588855e-05,0.0018637119,0.003900475,0.005692429,4.5541477e-05,0.003037036,0.014985368,0.012550475,5.84444e-06,0.008374089,0.0027568603,9.2127843e-14,3.179593e-07,8.079987e-08,6.261501e-07,1.8684323e-16,2.2678118e-05,0.007934262,0.34161323,1.0248622e-07
ADIDNKEQSELDQDLDDVEEVEEEETGEETKLKARQLT,3.8924912e-07,0.001193748,0.00095876073,0.00011101016,4.9647305e-08,1.7188373e-05,6.37264e-05,0.00013314211,0.046337593,0.23983486,0.55643845,4.5765024e-12,0.2027686,1.47984e-05,1.4964156e-06,2.2287441e-13,1.7123035e-08,1.0907491e-05,9.934799e-06,5.855383e-13
SDKPDMAEIEKFDKSK,2.2398315e-05,0.004117023,0.22546628,0.029683229,3.258234e-05,0.009527968,0.45567736,0.08102242,0.0009006538,0.15109871,0.12445639,1.2162154e-12,4.318851e-05,6.62174e-07,1.0452925e-05,1.000631e-12,6.937201e-06,0.0031495884,0.014775087,6.55777e-10
SVVPSPKVSDTVVEPYNATLSVHQL,2.1892922e-07,0.00032700947,0.008245513,0.00019497474,5.9070135e-07,3.3355496e-05,0.00055026443,0.0004955949,0.000114217844,0.5058018,0.2560343,3.4335607e-10,0.0035182734,5.314705e-05,7.959956e-05,1.4970243e-10,4.331912e-08,0.000118361786,5.11572e-06,1.7230934e-14
VLSPADKTNVKAAWGKVGAHAGE,0.092005186,0.10245516,0.48651242,0.029079292,0.00084790436,0.004197535,0.8145175,0.118806794,1.0925662e-08,6.307695e-07,1.3184778e-06,1.5298882e-14,1.2316798e-07,1.1592622e-07,9.984356e-07,2.3142867e-15,1.9852333e-09,1.5333042e-06,4.3270866e-06,1.8998581e-14
FVNQHLCGSHLVEALYLVCGERGFFYTPKT,1.2650863e-06,0.00017613513,2.048281e-09,2.0018134e-09,3.623143e-11,3.1004555e-07,4.3179798e-09,3.6854676e-06,0.21635485,0.99134827,0.99655545,2.2551783e-18,1.2189759e-09,9.612433e-12,3.2793803e-08,1.2029901e-16,3.15445e-13,1.0695509e-08,0.002276123,2.6293392e-18
KNPLPSKETIEQEKQ,0.00018653295,0.02054298,0.2965689,0.16789167,0.0005279032,0.0035835672,0.19623189,0.016111536,1.670476e-07,0.01646159,0.00028648917,1.0871681e-11,0.00074601435,0.0004843134,0.0002752281,1.1848732e-09,0.0006475011,0.046463676,6.086169e-05,2.624414e-09
PPPPPPPPPPPPPPPPPPPPPPPPPPPAL,3.490754e-10,4.4103417e-06,0.20377238,0.0061991606,0.0012192997,0.0061795367,0.9565848,0.1233627,2.4236892e-14,2.4742772e-07,1.2464895e-06,2.0376945e-15,0.00070017576,1.4125028e-06,1.3661644e-07,1.736221e-16,1.0280017e-10,1.0842928e-06,1.1808552e-05,7.488468e-20
MGVVSLGSPSGEVSHPRKT,5.0077506e-05,0.0018294437,0.35186785,0.09517724,3.3150845e-05,0.0008195687,0.056132935,0.005389952,8.962315e-06,0.028340068,0.15130158,6.7267275e-10,0.005568844,2.4961964e-06,0.0059173773,7.246018e-09,1.2562819e-07,9.0798065e-05,1.9418174e-07,3.404253e-11
SDKPDMAEIEKFDKSKLKKTET,0.00011227831,0.008522009,0.2917071,0.031211827,0.0001558997,0.009528108,0.35348576,0.043198667,0.00058102224,0.02394251,0.048643198,8.730879e-08,0.02962985,2.0053027e-05,0.00015088162,5.2337656e-10,3.7973407e-09,6.688846e-06,6.461646e-06,4.6307078e-14
QAAYQKVVAGVANALAHKYH,0.017764969,0.044928987,0.2956662,0.024997748,0.00076586416,0.0032811116,0.9717866,0.36454007,6.022409e-09,1.484572e-05,0.00040038387,9.365071e-12,5.7260777e-06,2.803626e-06,9.496069e-06,1.1246129e-12,2.4773797e-05,0.0018867332,5.3277936e-06,4.9507386e-12
PVQAAYQKVVAGVANALAHKYH,0.012351731,0.0414723,0.5374818,0.03683678,0.0014279853,0.0023888745,0.9163278,0.44314185,5.1879803e-09,8.675824e-06,1.9677078e-05,4.3752363e-13,1.2392896e-06,7.0697766e-08,4.0692348e-07,4.3049362e-14,9.237678e-06,0.00087134243,1.478186e-06,4.0668987e-12
TVVQPSVGAAAGPVVPPCPGRIRHFKV,2.3891744e-06,0.00032627088,0.42604718,0.0072307633,0.0006002947,0.002459905,0.5417251,0.04492364,3.4993508e-07,0.0039017934,0.04652255,2.415677e-09,0.00028677314,0.0003184305,0.00046441256,3.5050705e-09,1.5580891e-08,0.0006221263,1.6627292e-08,2.385734e-15
LPAEFTPAVHASLDKFLASVSTVLTSKYR,0.008846604,0.035105042,0.4664619,0.029147482,0.0010264139,0.0069781737,0.8711666,0.1816422,7.9594585e-08,2.518518e-05,0.00012145149,3.9530795e-10,0.0011964522,4.6400558e-08,0.00030029108,8.3375615e-12,1.0019945e-11,5.05932e-08,1.9495812e-07,1.8671576e-18
VLSPADKTNVKAAWGKVGAHAGEYGAEALERMFLSFPTTKTYFPHFDLSH,0.00012628359,0.0032575745,0.22739151,0.008262297,0.0016527552,0.0037807028,0.78696454,0.10921148,4.643777e-08,8.201032e-06,1.7520464e-05,3.8346944e-11,5.839304e-05,5.9482215e-07,3.7217505e-05,5.8665323e-13,1.2430099e-10,1.5211725e-06,8.336948e-07,5.5115196e-17
APPGRPEAQPPPLSSEHKEPVAGDAVPGPKDGSAPEVRGA,1.052957e-06,0.00024705514,0.00091587345,0.00018894227,5.4491306e-08,4.8763017e-05,0.00097644003,0.0011231089,0.0039924174,0.21675697,0.79799885,1.4841952e-11,1.9960507e-05,6.7483136e-08,1.5394822e-06,2.951599e-14,1.1905648e-06,0.00033345967,2.9076118e-05,7.50818e-13
TVETRDGQVINETSQHHDDLE,1.4347216e-06,0.00074667914,0.45423335,0.33197218,3.433331e-06,0.001144279,0.0765195,0.011009399,4.480591e-06,0.0038120127,0.005673512,9.005059e-08,0.10774471,3.2756732e-05,5.1575847e-05,1.4830055e-09,2.1534785e-10,6.060213e-07,4.2038257e-09,3.3637367e-16
SDKPDMAEIEKFDKSKLKKTETQEKNPL,0.00012421112,0.015407095,0.35573238,0.037810013,0.00018857063,0.0021557456,0.27557847,0.040567376,8.94661e-06,0.008452954,0.10343822,1.016881e-06,0.09833469,2.3822466e-05,7.199595e-05,4.7048976e-10,8.941518e-06,0.008194916,0.015501519,1.1367809e-08
AIPMSIPPEVKFNKPFVFLMIEQNTKSPLFMGKVVNPTQK,4.5619695e-06,0.00028987785,0.80921996,0.15359056,0.00018615024,0.0006930536,0.073650025,0.012945952,6.182034e-10,1.3795407e-06,0.00037436566,1.1242325e-07,0.002957453,2.8487843e-06,2.981113e-05,2.6520248e-09,4.4269358e-10,1.1289133e-06,6.1752266e-09,8.176268e-18
VLSPADKTNVKAAWGKVGAHAGEYGAEALERMF,0.002838467,0.01416032,0.3368522,0.01626793,0.0016280869,0.0039335424,0.9319202,0.16817236,3.9710636e-07,0.00029286643,0.00013236454,8.796412e-18,6.336305e-11,1.518587e-09,3.0447473e-09,3.6887376e-20,5.488178e-09,4.2752413e-06,2.6604544e-06,2.6057552e-15
QGVNDNEEGFFSARGHRPLDKKREEAPS,7.3799297e-06,0.0007404617,0.44186497,0.06836561,0.003065852,0.0007723283,0.13829161,0.049892418,6.012629e-05,0.08138619,0.15475686,3.1865823e-14,9.313216e-08,2.1552562e-08,1.8697858e-05,5.019834e-15,5.459978e-10,2.56657e-07,5.2540166e-08,1.835825e-15
YTVFDRDNNRVGFAEAAR,0.00026173395,0.0057129604,0.30384335,0.10251007,0.0006392416,0.004371453,0.3132585,0.047690354,2.933219e-05,0.03456522,0.013039656,9.383562e-09,3.3742253e-05,2.7825194e-05,0.00026848572,2.5532808e-08,4.5221387e-12,9.5522354e-09,1.765299e-10,1.0777051e-18
SDKPDMAEIEKFDKSKLKKTETQEKNPLPSKETIEQEKQAGES,4.83201e-06,0.0015662567,0.19142552,0.038653288,6.7981084e-05,0.0015321409,0.2136304,0.014101985,0.00019445902,0.3101004,0.5694866,1.3820683e-07,0.13043635,3.9652456e-05,5.9289003e-05,1.6755128e-10,1.476629e-08,2.182287e-05,4.191891e-06,3.962676e-13
AGCKNFFWKTFTSC,1.62018e-05,0.0013621647,1.6008589e-10,4.1015857e-11,2.5468775e-15,9.798758e-08,2.890043e-08,3.3420972e-06,0.53891975,0.8924983,0.9958003,3.6299453e-15,1.431143e-07,6.3653054e-08,0.31731915,2.2491306e-12,2.3037043e-14,1.337139e-10,1.5086086e-12,7.024449e-22
AHLPAEFTPAVHASLDKFLASVSTVLTSKYR,0.0042982358,0.020406354,0.36152655,0.018196184,0.00078116043,0.013604512,0.7499019,0.056869894,3.143765e-07,0.00032671457,0.0011013908,1.1487719e-09,0.00029139797,2.6804284e-07,0.00022460896,2.8031123e-12,2.4013947e-11,5.9995536e-08,3.694374e-07,3.7231974e-18
VETRDGQVINETSQHHDDLE,1.7212121e-06,0.0004694616,0.2965695,0.16340268,8.080234e-06,0.0009165063,0.08063145,0.013409844,4.323396e-06,0.01894146,0.008428067,1.0045212e-09,0.05442003,3.457201e-05,3.0089644e-05,6.1679134e-10,5.71739e-10,5.803208e-07,6.8543606e-09,7.225518e-16
GSNRGASQAGMTGYGRPRQIIS,2.3387288e-06,0.00031038563,0.44838077,0.08437727,0.00036675012,0.004995427,0.4770019,0.1338673,5.256723e-06,0.0142070595,0.23918417,5.973806e-11,1.539302e-07,9.531249e-09,1.067021e-05,4.4146184e-12,3.3025138e-08,1.2221392e-05,1.2120507e-08,3.9118785e-15
GPTGTGESKCPLMVKVLDAVRGSPAIN,1.4267071e-05,0.0011909942,0.0018932677,0.00047838027,3.6580555e-08,1.37922525e-05,0.0006651379,0.0005608204,8.837662e-06,0.011531121,0.8551029,3.5913677e-13,1.5770127e-05,3.7490757e-08,1.6097634e-06,9.0777386e-12,1.7413868e-08,1.064182e-05,1.696091e-06,4.217384e-14
SDKPDMAEIEKFDKSKLKK,0.00065974705,0.02073004,0.15661693,0.008464544,6.357457e-05,0.010380914,0.6385423,0.1026506,0.0028779323,0.07114718,0.08482445,7.7755334e-14,4.748e-06,1.4569154e-06,4.1188545e-05,6.2020354e-13,7.520394e-09,8.808847e-06,4.8076668e-06,1.3076517e-14
PLPSKETIEQE,1.2587239e-05,0.0018911939,0.1334531,0.27639633,4.6247224e-05,0.003160046,0.035451494,0.007973507,1.2335906e-05,0.096073605,0.0026094795,4.6563954e-11,0.0038991764,0.0011191329,0.0028381536,6.7242795e-10,0.027180877,0.16713151,0.0779541,8.97997e-05
ATLKEKLIAPVAEEEATVPNNKITVVGVG,3.508711e-05,0.0025214418,0.39004362,0.14187945,0.0068979114,0.016938511,0.50586855,0.024098108,4.998457e-05,0.00018088905,0.0018002285,2.391009e-10,0.018646237,1.5571208e-05,5.5161952e-05,2.6079713e-11,2.5755793e-07,9.969289e-05,2.1781352e-05,1.4279426e-13
KDPEGLFLQDNIVAEFSVDETGQMSATAK,1.1533347e-06,0.00047455472,0.0042596133,0.00045857468,4.0342175e-06,0.0001917218,0.0051929485,0.0041297264,0.0002543496,0.31611845,0.5633601,5.6295725e-08,0.045569353,3.4901343e-06,1.2643008e-05,4.4432866e-10,4.2670942e-09,4.8312772e-06,7.0959624e-07,2.6200779e-14
VLSPADKTNVKAAWGKVGAHAGEYGAEALERMFLSFPTTKTYFPHFDLSHG,0.00014604266,0.0029203496,0.37636295,0.0168341,0.0047533647,0.0055770352,0.8018411,0.15767571,3.3831856e-08,4.5060897e-06,1.2309754e-05,3.466744e-13,7.767878e-07,4.171626e-08,3.9609276e-07,2.4706592e-15,4.9694564e-11,1.2607703e-06,3.0950636e-07,7.936652e-18
VLSPADKTNVKAAWGKVGAHAGEYGAEALER,0.0028515137,0.011773327,0.26379275,0.01568087,0.003242373,0.007512597,0.8656459,0.16201894,4.129066e-06,0.00038582523,0.00043605204,1.6045564e-19,8.852806e-10,2.2921287e-10,4.426069e-09,1.6879808e-19,5.272422e-10,8.760961e-07,8.9507637e-07,9.3576905e-17
ATKAVCVLKGDGPVQGIINFEQKESN,5.2176933e-05,0.0021995672,0.42696494,0.084094696,8.6852044e-05,0.0027725033,0.7330606,0.20982501,3.0608973e-07,0.0003200827,0.00033283007,1.3159103e-10,0.06099266,3.42076e-06,1.463399e-05,1.1564439e-11,6.359198e-08,4.2066014e-05,3.113164e-05,1.4865413e-12
SQAHPPELLFSASLPALGFSTYSVAQVPR,4.9257784e-07,0.00013165662,3.8640524e-06,2.1933174e-06,1.0841162e-09,5.638024e-06,3.8444046e-05,0.00011923291,0.0006090074,0.6271577,0.9626042,2.441303e-06,0.14535634,0.00061935344,0.016876444,1.8852793e-07,3.7577967e-09,2.5963536e-06,4.0157948e-07,9.809789e-17
SVVPSPKVSDTVVEPYN,9.356054e-06,0.0013776105,0.00017082292,0.00018121484,6.0346434e-07,2.647092e-05,6.854235e-05,0.00023113433,0.0015689034,0.775272,0.23567429,7.955579e-11,3.8107468e-05,0.0008006963,0.0006806291,1.2759886e-11,0.00014814723,0.012303558,8.7843735e-05,6.910507e-11
GKVKVGVNGFGRIGRLVTRA,0.021474874,0.02715304,0.44767958,0.046217646,0.0006874191,0.030540232,0.992894,0.9211518,1.7001025e-07,1.3815855e-05,4.1215157e-05,2.6812753e-20,1.0467986e-11,2.0005921e-09,1.0386992e-08,3.7738696e-19,7.238325e-14,3.9938364e-10,5.4021397e-12,4.413829e-22
CQVTHEGSTVEKTVAPTE,3.5725262e-07,0.00036831578,0.74264276,0.8288377,1.7935938e-05,0.0013529148,0.1568541,0.046408333,4.6701507e-07,1.5638423e-05,0.00036650593,4.2613628e-08,0.05842971,0.003170499,8.4358384e-05,4.0147487e-08,1.5495696e-07,0.0001479992,1.7561066e-05,3.7529772e-13
EFTPPVQAAYQKVVAGVANALAHKYH,0.00021093574,0.0067828945,0.6446315,0.066410415,0.002312443,0.0038613987,0.903582,0.42936793,7.1134274e-08,8.126712e-05,0.0006634374,1.7957779e-12,6.524407e-07,8.973147e-08,8.002217e-06,3.7843006e-12,5.353934e-07,0.00017540161,1.0669439e-06,4.1783162e-13
AEQVALSRTQVC,6.5981358e-06,0.00076141465,0.33036909,0.36545372,0.00021216142,0.0036126566,0.038222358,0.021101227,5.1025796e-05,0.0003282897,0.0001958943,1.1770243e-07,0.000109125416,0.0005149188,0.003418543,2.9534835e-08,6.6052526e-06,0.0009432697,0.17528626,4.6884224e-10
SDKPDMAEI,7.073997e-05,0.0059839073,0.008308614,0.09338008,9.132506e-06,0.000796656,0.004225263,0.011774508,7.059377e-05,0.09754048,0.00473367,7.549422e-13,9.445981e-07,1.3682437e-07,4.2599145e-06,2.160954e-15,0.0019562158,0.16063908,0.44660217,0.00010817281
FDSDPITVTVPVEVSRKNPKFMETVAEKALQEYRKKHREE,1.8238135e-05,0.0019403448,0.13472149,0.09915675,2.359068e-06,0.0002593423,0.005186063,0.0016689829,2.7687104e-06,0.00038501286,0.10509565,1.1183195e-08,0.42242232,0.00056234293,0.0012267127,3.146345e-08,4.0252363e-10,4.025416e-07,3.5098486e-07,1.4237042e-16
VHLTPEEKSAVTALWGKVNVDEVGGEALGRLL,0.00020494817,0.004492898,0.22504184,0.013309574,0.0054543293,0.012490394,0.585279,0.058646984,2.2818522e-08,0.00019176425,0.0028863153,1.0545971e-10,0.0015513003,4.5739616e-05,5.2636482e-05,4.5631046e-09,8.4283525e-10,1.6478671e-06,1.6087376e-06,1.8388508e-14
DQESCKGRCTEGFNVDKKCQCDELCSYYQSCCTDYTAECKPQ,1.8656885e-06,0.014276984,0.19383696,0.014312467,9.477859e-05,0.00059935014,0.07726215,0.029804174,4.556402e-09,9.81525e-08,8.611661e-06,4.804578e-13,4.6922432e-05,8.099299e-09,3.66212e-06,1.1810151e-14,7.0917893e-15,6.296908e-11,1.4392786e-14,5.514233e-24
VPYPRIHFPLA,2.2002121e-05,0.00061548984,0.11072381,0.0060189967,7.84418e-05,0.0007910322,0.13026166,0.023096308,5.1797895e-07,0.064518556,0.028097793,4.5382108e-11,2.6471287e-05,2.6508133e-05,0.003882236,5.7743428e-08,0.0001054083,0.01254735,0.0006121982,3.101499e-11
SVNVDYSKLKKERPDF,2.967279e-05,0.002032748,0.010861318,0.00075670803,8.302124e-06,0.0018486558,0.38299316,0.020848226,2.2305146e-06,0.0002534584,0.0003199288,2.724101e-12,0.00090009935,0.00016347913,0.0077277296,4.9386457e-11,1.4062024e-07,4.0502993e-05,0.00048180128,7.8767255e-13
KNPLPSKETIEQEKQAGES,1.879669e-05,0.0037558854,0.2631243,0.09253429,5.759237e-05,0.0011355139,0.18084522,0.016372254,4.2163185e-05,0.43810406,0.09336366,2.0120279e-09,0.0009775675,0.00030413282,0.00095747615,9.21366e-11,0.00013861488,0.008463242,0.0019854142,6.583936e-09
GDTAKKPIIGILMQKCRNK,2.8407192e-05,0.0024001661,0.41600162,0.007653785,0.00026607848,0.0061139315,0.6503102,0.075242296,2.9777812e-06,5.7111365e-06,0.003068167,4.5460337e-12,5.135932e-07,1.7352043e-06,0.00096517487,1.3137444e-10,5.254629e-10,1.3854415e-07,3.0117353e-09,8.79068e-15
ADKPDMGEIASFDKAKLKKTETQEKN,0.00017120762,0.012513002,0.12169788,0.08542637,5.9439917e-06,0.0004076815,0.033982895,0.0077230246,5.468492e-06,0.0063589215,0.0075549157,1.3565931e-11,0.0008424775,6.553775e-06,6.058185e-06,3.1434483e-10,4.3275185e-07,0.0002910707,5.828174e-05,1.8123014e-11
LAAHLPAEFTPAVHASLDKFLASVSTVLTSKYR,0.009408571,0.031827047,0.33560854,0.009844171,0.00021640355,0.0048433067,0.80200785,0.04919269,5.5425147e-08,5.4477958e-05,0.000170876,2.3616271e-06,0.0005424239,3.0356603e-07,0.0002042144,1.949564e-09,7.9470645e-11,1.6291578e-07,8.303606e-07,8.508031e-18
IPPEVKFNKPFVFLMIEQNTKSPLFMGKVVNPTQK,2.5893902e-05,0.0014240562,0.7489747,0.22186251,0.0005491053,0.0025681707,0.09883229,0.022184607,1.3361449e-08,6.437784e-06,3.702606e-05,4.6938766e-08,0.01856937,1.4644793e-05,0.00015810881,4.1845416e-09,1.5386974e-09,7.215521e-06,8.091368e-07,1.01856816e-13
NAPPEPVPPPRAAPAPTHV,8.29642e-06,0.0008385239,1.0119457e-05,2.7979013e-06,1.4061838e-09,4.182216e-06,4.404196e-06,0.00012956721,1.4276249e-05,0.87843686,0.2423131,8.616673e-11,1.0244554e-05,6.594973e-06,9.843157e-06,3.9123817e-12,2.424999e-07,0.0003447375,1.7433665e-07,1.989794e-12
STVHEILCKLSLEGDH,0.00015042684,0.007022469,0.15474883,0.026221594,0.001445247,0.019266445,0.594532,0.10393472,6.85484e-08,7.75831e-07,7.140813e-06,4.2298344e-12,0.0014360806,2.1585705e-05,0.00042927708,1.7265182e-10,1.0134961e-06,0.00016677982,0.006524728,1.8517662e-10
KPDMAEIEKFDKSKLKKTETQEKNPLPSKETIEQEKQAGES,2.9355654e-06,0.0013136729,0.17014524,0.005413564,4.3368265e-05,0.0008888355,0.27371973,0.009503019,0.0001355757,0.16382648,0.46730623,1.6438346e-08,0.055541288,3.7270198e-05,5.3449377e-05,3.0048714e-10,1.1687621e-07,0.00013276584,6.310128e-05,4.8704803e-12
TQEKNPLPSKETIEQE,8.1859014e-07,0.0017444075,0.41638795,0.49435884,2.5391982e-05,0.0005875463,0.028673481,0.005755746,3.4732889e-06,0.0026799128,0.0002669767,3.77722e-11,0.0050542103,2.2620457e-05,0.00016569867,6.661762e-11,0.0013228862,0.13999899,0.018269863,1.4709576e-07
DKSKLKKTETQEKNPLPSKETIEQEKQAGES,2.908309e-06,0.0017526062,0.37699512,0.050302345,7.3245064e-05,0.0016426768,0.30594444,0.030101007,4.578987e-06,0.051937602,0.1043484,1.2212155e-08,0.031041658,1.1706422e-05,3.4502664e-05,8.661355e-12,1.2664755e-07,4.9290356e-05,4.197077e-06,1.010194e-12
AGQAFRKFLPLFDRVLVERSAA,1.8823575e-05,0.0006524087,0.5401155,0.002817254,0.00063995196,0.00078894105,0.47897816,0.046170738,6.567258e-07,0.0009020444,0.005340135,1.09817354e-13,6.6796747e-06,5.752818e-07,0.000118901124,4.581644e-11,1.4816817e-08,8.801843e-06,6.9981606e-06,1.0236233e-15
MIEQNTKSPLFMGKVVNPTQK,0.0001185407,0.0053135827,0.41398436,0.06399092,0.0008508717,0.00094683294,0.14099619,0.024565306,1.1471898e-06,9.363425e-05,0.0010884515,6.186775e-05,0.10738494,9.607439e-06,0.0006587064,4.0186222e-07,1.796648e-07,0.000673114,3.8813542e-07,6.2433643e-12
PLPSKETIEQEKQAG,1.7830815e-05,0.0029037383,0.21055648,0.18115863,0.00010642987,0.00568096,0.22883537,0.02084666,6.134003e-05,0.3272094,0.09250505,1.6377011e-14,1.16981255e-05,7.053807e-06,7.542546e-06,1.5907611e-13,0.0024315428,0.050759036,0.0035099902,1.8594835e-07
LTCYGDSGQPVDWFVVYKLPALR,2.1954454e-05,0.001248424,0.107073925,0.13116425,0.00042085708,0.0032175705,0.019150574,0.0064532496,1.5736571e-09,3.1007126e-05,4.673231e-05,4.3164604e-11,1.0403479e-05,1.0029285e-06,0.0011462626,9.62719e-10,1.7496744e-10,8.761105e-07,3.6213763e-08,1.0962753e-18
SDKPDMAEIEKFD,4.3972894e-05,0.006811954,0.051956486,0.007807282,2.8461716e-05,0.0012139516,0.08159216,0.015833464,0.0007106594,0.5058162,0.27161494,2.5750272e-15,2.5565345e-08,4.115007e-08,8.6402326e-07,1.4096032e-16,7.7826466e-05,0.05459542,0.15681459,1.4887941e-07
ETQEKNPLPSKETIEQEKQAGES,8.264909e-07,0.0012227403,0.29154477,0.08875671,9.108064e-06,0.00027739577,0.04745603,0.0065726168,0.00028578867,0.21157965,0.1144921,4.0480752e-10,0.030779863,2.3628741e-05,4.22421e-05,1.529504e-11,0.00013027544,0.023861501,0.0018017819,1.1005927e-09
EIEKFDKSKLKKTE,0.0029121907,0.027581504,0.32755384,0.04050033,0.00027061751,0.004408075,0.66720694,0.10729779,8.996245e-07,1.1061721e-06,4.583362e-06,1.8559926e-17,2.0496504e-05,2.6020784e-06,0.009205768,7.405838e-12,3.835406e-08,2.2450278e-05,7.2134674e-07,1.7278636e-13
SDKPDMAEIEK,6.120476e-05,0.006150491,0.0147637,0.011424775,1.5491149e-05,0.0005887876,0.02043979,0.007922811,0.00046794294,0.0337712,0.026185041,2.8935543e-16,8.477697e-09,5.3061164e-08,1.9445563e-06,5.176512e-17,0.0007897862,0.08915305,0.22701149,2.4875549e-06
VVPSPKVSDTVVEPYN,6.37723e-06,0.0011528607,9.811793e-05,6.87458e-05,7.4411176e-08,3.238314e-05,5.8451504e-05,0.00025793497,0.0009850416,0.68755287,0.16532019,1.515894e-11,2.0719512e-05,0.0006060181,0.00035937282,1.0615812e-11,0.0017496201,0.06980266,0.0003241005,3.2116154e-09
GPVKVWGSIKGLTEGLHGFHVHEFGDN,2.7781673e-05,0.0006113067,0.23807593,0.02938265,0.0015849911,0.008335587,0.8858169,0.22344585,7.058368e-10,1.6563758e-05,8.438276e-05,6.410073e-13,1.2029241e-05,1.4829578e-05,2.9537321e-05,8.984595e-12,5.7481304e-11,2.0144736e-07,1.816951e-09,5.9850446e-19
VHASLDKFLASVSTVLTSKYR,0.014327141,0.035753835,0.55261654,0.08053117,0.00054500456,0.0067393235,0.67762357,0.12926263,2.0692621e-08,1.04400815e-05,5.195973e-06,1.1640155e-05,0.0025566157,1.1112163e-05,0.007161933,1.753315e-08,5.87134e-09,3.297775e-06,0.00028108782,5.9219726e-14
IENEEQEYVQTVK,0.00011265084,0.014575364,0.037537403,0.035379823,1.615122e-05,0.003421715,0.0734158,0.026765183,0.00020070998,0.026498452,0.017966822,1.2649408e-15,2.8084682e-07,2.6091593e-05,7.702003e-07,1.7199678e-14,6.873079e-06,0.021611983,1.24565e-05,1.0749338e-11
VLSPADKTNVKAAWGKVGAHAGEYGAEALERMFL,0.0026466243,0.013751593,0.2933337,0.010425601,0.0008433245,0.0051131994,0.93020725,0.143424,2.599998e-07,0.00027804944,0.00013376735,5.767607e-19,1.4097451e-09,2.340633e-10,5.143795e-09,1.7779428e-20,5.764938e-09,9.659128e-06,4.150371e-06,4.111469e-15
VQAAYQKVVAGVANALAHKYH,0.032180276,0.05007171,0.47363573,0.02853111,0.00050887954,0.0017975431,0.97037876,0.49884087,1.03025455e-08,2.7717726e-06,1.3471977e-05,8.663845e-13,5.384702e-07,8.538957e-08,1.0997662e-06,1.12169944e-13,2.77223e-05,0.0021512262,7.428858e-06,2.3628006e-11
TLPTKETIEQEKRSEIS,1.2017122e-05,0.0021589051,0.19285631,0.2089438,1.7264118e-05,0.004532196,0.06524535,0.019415021,0.0005629108,0.50632566,0.04926411,1.3866665e-12,0.006798518,1.6508132e-07,6.226627e-06,5.081289e-13,4.891308e-09,5.017221e-06,2.6605753e-07,8.5137735e-14
LLSPYSYSTTAVVTNPKE,4.2540494e-05,0.00250924,0.008542203,0.014847115,2.44185e-06,0.00060804014,0.004430422,0.005380071,4.576238e-06,0.0016140264,0.3581365,2.6881002e-12,1.0590159e-05,3.7146656e-06,5.6984945e-06,1.1016363e-11,0.00015350702,0.006181199,0.0011228457,3.3626146e-09
SKLKKTETQEKNPLPSKETIEQEKQAGES,1.5223786e-06,0.0009807133,0.41446385,0.15822083,0.00010128102,0.002489423,0.38186106,0.05741029,1.4245708e-05,0.099729165,0.104435064,2.2463048e-07,0.07665486,2.353996e-05,0.00018600734,2.5173824e-10,2.0178474e-07,8.840862e-05,5.787111e-06,5.8774795e-13
WISKQEYDESGPSIVHRKCF,0.0010431029,0.011569083,0.52260625,0.07275213,0.0018891838,0.011869503,0.50882447,0.10483108,9.621588e-06,0.0117070135,0.0801246,2.2094825e-18,3.354583e-09,3.274615e-09,1.4497644e-07,1.5795624e-17,6.884457e-10,1.2728436e-06,3.17009e-07,1.621558e-16
AEIEKFDKSKLK,0.005034735,0.023326432,0.23049745,0.007420731,1.6674387e-05,0.0023176218,0.8524392,0.16717073,2.502476e-05,0.00035810258,4.0887382e-05,3.3377025e-19,1.3373652e-07,4.0797872e-07,3.140337e-05,2.6445998e-14,4.75467e-07,0.0004810256,1.247124e-06,2.7058128e-12
AGKHVPRAVFVDLEPTVIDEVR,5.3934446e-06,0.0004933089,0.65408576,0.060399532,0.00013106683,0.0007419205,0.18167314,0.033001233,4.4247568e-07,0.00080271764,0.013159153,1.2213092e-11,0.028120046,6.522375e-06,1.69232e-05,1.1512803e-11,1.17932814e-07,3.126739e-05,1.4312551e-06,4.299927e-14
EEAPSLRPAPPPISGGGY,1.1387331e-06,0.0003003289,0.28720266,0.104494095,7.3780415e-05,0.0009734066,0.30994418,0.02169481,4.441877e-05,0.58728665,0.19790131,1.7175853e-14,4.661053e-07,4.860026e-07,4.700244e-05,8.775075e-11,1.7325415e-07,7.27328e-05,4.6302383e-05,1.9284364e-13
KTETQEKNPLPSKETIEQEKQAGES,1.1782138e-06,0.0014011711,0.32800692,0.19837493,3.431371e-05,0.000472804,0.07502056,0.012063724,0.00030148478,0.26518255,0.14970061,1.3768937e-05,0.026341531,0.00021003054,0.0009977992,3.0887137e-09,0.00014393966,0.02118515,0.0008757692,2.4638245e-09
ERDPSKIKWGDAGAEY,4.2804135e-05,0.0025841366,0.041088067,0.059105568,0.00016475495,0.0067703053,0.1641869,0.054185975,5.3805945e-07,0.0007128059,0.00014310004,9.407232e-16,4.524059e-08,8.301198e-06,0.00017385697,1.6188377e-12,0.13273135,0.50860715,0.0060646376,1.417764e-05
HSGFEDELSEVLENQSSQAELKEAVEEPSSKDVME,1.8876647e-06,0.00052998663,0.000506536,6.202601e-05,1.0860737e-07,7.766978e-05,0.00020514107,0.0005323774,0.0006959131,0.9067863,0.8580507,3.4637432e-11,0.16302817,0.00014449583,5.6180456e-06,2.7422687e-12,1.2995596e-07,6.7704736e-05,0.0007193802,1.5534646e-11
PSIVHRKCF,1.6882863e-06,0.00018340434,0.11473026,0.0047572753,9.399372e-05,0.0017123965,0.6280261,0.065394476,3.942262e-06,0.00013580149,0.0006931342,1.335496e-18,1.9111545e-07,2.0966622e-08,9.841767e-06,6.8569635e-14,8.747027e-05,0.0074898116,2.6587086e-05,7.359438e-11
SLDKFLASVSTVLTSKYR,0.014149057,0.046825197,0.5090867,0.13969752,0.0021306896,0.009409834,0.7650863,0.12311554,5.7359205e-07,1.2200455e-05,1.49190455e-05,6.8349625e-11,4.5264384e-05,6.830147e-07,0.05789132,9.1883376e-11,1.161302e-09,1.472938e-06,4.0976825e-05,3.4521279e-15
VLSPADKTNVKAAWGKVGA,0.012341168,0.044364598,0.5464424,0.1650311,0.0032879026,0.011100625,0.74782383,0.09744333,2.5879336e-08,2.803047e-06,4.972035e-06,7.12677e-21,1.7489944e-12,1.5567778e-10,3.981156e-09,4.3784395e-20,2.1670849e-07,3.0026229e-05,1.5170774e-05,3.7590482e-13
MREIVHIQAGQCG,2.3564315e-08,2.7991691e-05,0.22551548,0.1283839,0.0032616332,0.008453161,0.17030224,0.08664447,3.8213912e-07,0.00049229193,0.011539914,1.3362711e-08,0.004148055,4.569543e-05,0.00038714363,1.4028981e-09,1.9874631e-05,0.0010802621,0.00027719396,3.759224e-09
GHRPLDKKREEAPSLRPAPPPISGGGY,2.4911213e-07,0.00014985842,0.5720593,0.0149293635,0.0013662793,0.0057777166,0.7549819,0.12367292,1.6145463e-05,0.13848025,0.106445685,2.1502401e-19,6.267234e-08,5.8050955e-09,1.1015209e-06,1.37830175e-14,7.2111943e-09,3.3683802e-06,2.4125594e-08,3.862995e-16
QVANPNSAIFGGARPREEVVQKEQE,2.8170096e-05,0.0016923106,0.33484763,0.017347401,0.00023441177,0.0007299332,0.14755252,0.04154956,0.0012433421,0.22398119,0.6761832,7.845168e-12,0.0006426286,1.3650158e-06,6.3372413e-06,3.70294e-12,1.4351869e-09,9.060624e-06,8.004646e-08,6.3072826e-15
VDSGNDVTDIADDGCPKPPEIAHGYVE,3.9020175e-05,0.1213205,0.15091154,0.0072317272,7.682397e-05,0.00050910853,0.123209596,0.007269399,6.977334e-06,0.055437617,0.21374509,3.0790295e-13,0.00018893268,0.00019845548,7.7848286e-05,2.5142615e-11,4.264719e-07,6.977159e-05,4.2962156e-07,8.076883e-14
SDKPDMAEIEKFDKS,1.8142766e-05,0.0039733485,0.24233171,0.09258203,0.0004151052,0.00814729,0.30430982,0.058783434,0.00049611664,0.4002951,0.30763045,1.6422333e-16,2.4280502e-07,1.2198415e-08,1.6596838e-06,1.9517776e-15,0.00014044016,0.046343513,0.10906895,1.2283709e-08
LASVSTVLTSKYR,0.006798374,0.026244909,0.57764786,0.2583136,0.00073312875,0.008484894,0.72058773,0.22853129,4.1884522e-07,0.0009434642,0.00012865681,1.3651109e-09,7.899081e-05,3.661973e-05,0.119499646,2.791993e-08,5.341154e-06,0.0007699571,0.054032207,4.022843e-10
VHLTPEEKSAVTALWG,0.00041827507,0.005442289,0.3174482,0.19581766,0.0034910005,0.011866387,0.47424084,0.06575738,1.3652239e-06,0.00061294704,8.657061e-05,8.856914e-11,1.9985759e-05,8.3772475e-06,0.00032224672,9.633511e-10,5.592662e-07,0.00043867197,1.4070235e-06,3.621784e-13
APVISAEKAYHEQL,0.0001295277,0.0039616926,0.105010666,0.0056615043,0.00013024958,0.0014587422,0.32960057,0.03918635,0.00012673333,0.1870061,0.022172958,1.6982024e-10,0.0004173081,0.03517927,0.003997874,1.5082762e-07,3.9300022e-07,6.397414e-05,1.6685486e-05,2.7697208e-13
FDKSKLKKTETQEKNPLPSKETIEQEKQAGES,1.6461858e-06,0.0009381069,0.29312295,0.02517103,4.7962683e-05,0.0014932228,0.3617886,0.032831594,5.1707602e-06,0.081109144,0.0960189,4.791534e-09,0.0034769005,1.8567745e-05,9.615716e-05,1.1205076e-10,1.5367797e-07,5.94928e-05,3.3318406e-06,6.0200776e-13
VLSPADKTNVKAAWGK,0.008356875,0.0376909,0.57848823,0.14722908,0.0038232296,0.006342043,0.7787433,0.17192319,3.921581e-08,1.7239135e-07,3.2831806e-06,1.23433e-16,2.5149594e-10,7.747159e-09,3.132159e-08,2.990989e-16,1.3509833e-07,2.2624361e-05,7.446052e-06,6.433494e-12
KNPLPSKETIEQEKQAGE,2.4567893e-05,0.007314657,0.24549523,0.17649405,6.820211e-05,0.001320467,0.14556558,0.022269357,5.9426897e-05,0.17514755,0.039410807,3.3949627e-12,0.0001001982,0.0001550612,0.0002362645,1.1887125e-11,0.0004913705,0.021981569,0.0030478118,7.273054e-09
SDKPDMAEIEKF,0.00017468371,0.008149979,0.037811033,0.009265168,0.00012789041,0.0030281818,0.09070484,0.023385175,0.0008001769,0.20181847,0.15726042,1.468354e-14,2.6492941e-08,4.633016e-08,9.66894e-07,9.094487e-17,0.00034754426,0.12408093,0.25074053,2.891981e-07
VLSPADKTNVKAAWGKVGAHAGEYGAEALERM,0.0014706171,0.00992005,0.43891573,0.020566335,0.0027691622,0.0034999666,0.79482365,0.11749327,8.3963926e-07,0.00055123295,0.00027363174,2.9141046e-19,6.221586e-11,1.5727639e-10,5.1428213e-09,1.3149944e-19,7.745329e-10,1.0704819e-06,7.0973e-07,2.1226431e-16
KKTETQEKNPLPSKETIEQEKQAGES,1.0137721e-06,0.0010447255,0.34466252,0.18941487,0.00016427276,0.0022088927,0.16289292,0.03379418,4.600331e-05,0.14362343,0.094822235,9.90884e-07,0.035576977,0.00024849531,0.0003534908,1.6865709e-09,2.2828579e-05,0.0040257983,0.00037137273,2.5566085e-10
AVHASLDKFLASVSTVLTSKYR,0.010224506,0.03574129,0.64382255,0.05059419,0.0008731341,0.006130744,0.755468,0.14266367,6.785247e-09,3.5538656e-06,2.8918432e-06,1.6436695e-07,0.00018068054,8.610658e-07,0.0013872455,2.0129025e-10,3.725403e-09,2.367116e-06,4.503917e-05,1.4211443e-14
VETRTIVRFNRPFLMIIVPTDTQNIFFMSKVTNPKQA,1.353404e-05,0.0015044294,0.47887307,0.057460707,0.0020090872,0.001797917,0.17486118,0.04856984,2.7949369e-08,8.558407e-06,0.0011650873,4.522637e-05,0.15745316,2.6914345e-06,0.0002155361,7.7939175e-09,1.8178108e-08,9.227764e-06,3.037487e-06,2.9155004e-13
VPGQGSSEDDLQEEEQIEQAIKEHLNQGSSQETDKLAPVS,4.6475307e-07,0.00062934746,0.0445915,0.0015092482,1.6400456e-06,9.190596e-05,0.00056531816,0.0039808303,3.74798e-05,0.51084673,0.29274058,4.6320697e-10,0.28545308,1.198963e-06,8.61886e-06,2.1210533e-12,1.1503415e-09,9.830828e-07,6.3453554e-10,1.4780648e-16
SETAPAAPAAPAPAEKTPV,5.606683e-05,0.0023976993,0.24786334,0.22020242,0.00010924941,0.0010310619,0.020585246,0.008695382,0.00019003553,0.01944511,0.004234791,0.00027222815,0.0827501,8.484586e-06,0.006644342,2.1276665e-12,5.50451e-05,0.0046771043,0.00046837959,4.095748e-08
PPPQPPPPPPPPPPPP,5.0153335e-09,0.033900596,0.10276385,0.0121364305,1.6460754e-05,0.004701252,0.99809504,0.3102308,6.531205e-17,4.4659557e-10,3.8988264e-07,1.8003294e-18,3.1704603e-10,4.0185744e-11,2.8044627e-07,5.707032e-19,9.481785e-12,2.9476735e-07,2.1856024e-11,5.674635e-23
LTCLVTDLTTYDSVTISWTR,4.6363502e-06,0.0011687543,0.3482887,0.79497516,1.5316047e-05,0.0055566174,0.04563685,0.001482371,1.0978392e-08,1.4370434e-05,0.01258236,4.4255977e-08,0.00029535245,8.299468e-05,0.00034508292,5.085866e-10,2.1197059e-12,9.663554e-09,7.141401e-09,1.4625599e-17
TQEKNPLPSKETIE,6.346908e-06,0.0053927195,0.12876883,0.092270255,1.2134549e-05,0.0016629898,0.0056340853,0.0026231897,4.858402e-07,7.5408185e-05,8.215038e-05,1.082283e-09,0.0042881966,6.6523266e-05,0.0006648436,1.5442043e-10,0.0051391954,0.37231022,0.28882962,3.660328e-05
HPVLLTEA,8.635724e-07,0.00014246142,0.092071466,0.1764414,0.00013488482,0.0014973675,0.016498426,0.0103435125,1.1192517e-07,0.00076506997,0.00031639138,4.461874e-12,0.00021613776,0.1258678,0.07410089,1.3961248e-06,0.016475981,0.17667894,0.12509198,3.0795312e-05
AAPRPSPAISVSVS,0.00016288541,0.001834156,0.1596463,0.012052032,0.00028247377,0.010045956,0.3796318,0.032415155,0.00069141417,0.08274412,0.06520424,5.0857718e-14,1.1513928e-08,3.9318422e-08,0.0029417954,4.0977048e-16,2.8168767e-08,1.1619925e-05,1.3005092e-06,2.408344e-14
NPLPSKETIEQEKQAGES,2.1366299e-05,0.0038179397,0.076691076,0.15152252,5.8817495e-06,0.0005229433,0.010375705,0.0051631476,7.3820054e-05,0.6264464,0.19838643,6.527641e-11,0.0008477919,0.001341303,0.00052519917,1.379767e-10,0.0023027952,0.04086086,0.013412151,3.575895e-07
SIPPEVKFNKPFVFLMIEQNTKSPLFMGKVVNPTQK,3.2969205e-05,0.0013764718,0.7381143,0.18727733,0.00022342576,0.0019009743,0.09864383,0.02017832,4.7359783e-09,4.9375203e-06,4.9507198e-05,4.8969603e-08,0.02297063,1.4155102e-05,0.00083950534,5.917304e-09,2.9350413e-09,1.935644e-06,4.3801627e-08,1.7441896e-15
EKAGAHLQGGAKRVIISAPSADAP,2.7381506e-05,0.0018619553,0.40819946,0.036623765,0.0039537,0.0076009,0.66298676,0.15214425,2.1917447e-06,0.03199619,0.10039105,1.4922198e-15,3.7559203e-06,2.8806298e-07,5.412768e-06,2.695617e-14,4.94363e-07,0.00016567929,2.1731546e-05,1.0643004e-12
ASSDIQVKELEKRASGQA,3.0212017e-05,0.0016243008,0.5315066,0.059007823,0.000509966,0.0040405053,0.5685663,0.1263612,0.0001104982,0.023333909,0.022963326,6.131297e-13,4.0175573e-06,4.904029e-07,6.1804356e-05,8.20614e-13,1.7081884e-06,0.00023020932,8.4186087e-07,2.8432215e-11
SDKPDMAEIEKFDKSKLKKTETQEKNPLPS,8.987526e-05,0.013965848,0.31118512,0.058512736,3.250736e-05,0.0011859831,0.2523183,0.030760646,2.650045e-05,0.014624966,0.1993039,2.9042635e-06,0.12617755,0.0002159732,0.00092202023,2.979547e-09,3.5710777e-06,0.008485083,0.0010204281,7.959776e-11
VHLTPEEKSAVTALWGKVNVDEVGGEALG,5.9563572e-05,0.0025811694,0.23896118,0.009028125,0.00033310594,0.0026774511,0.54985094,0.0214218,6.509463e-09,1.8029279e-05,0.0001423947,1.2430686e-09,0.0084077455,5.035834e-05,3.722007e-05,1.963309e-09,2.7949028e-09,3.207558e-06,4.2848887e-06,1.4463514e-13
PLPSKETIEQEKQ,9.5123105e-05,0.010733921,0.05068013,0.13879664,1.1636827e-05,0.004810228,0.08503141,0.012167776,7.5722064e-06,0.14187756,0.031169634,3.5138022e-13,4.80295e-05,0.00014258616,4.373927e-05,5.2634962e-12,0.0082250545,0.16975781,0.0036330253,7.243303e-07
EDVSAGEDCGPLPEGGPEPRSDGAKPGPRE,2.4636951e-05,0.004687124,0.0010448395,0.0050716847,3.3052473e-07,2.9869163e-05,6.715972e-05,0.0014208639,0.7056005,0.93965447,0.88397825,1.0229117e-13,2.4782164e-06,1.071557e-07,3.0211702e-06,3.208136e-13,4.1483025e-10,4.2680912e-07,4.150642e-09,1.4346719e-15
DQTVSDNELQEMSNQGSKYVNKEIQNAVN,3.9641375e-08,0.00016335308,0.083230525,0.030018762,7.855672e-06,0.0010370907,0.009285847,0.0058691837,0.0059918338,0.07623474,0.21266231,2.9362396e-10,0.0073285676,3.2465618e-06,1.0939925e-06,1.09064816e-13,5.2078764e-08,9.296592e-06,2.124485e-07,9.404415e-13
SETAPAAPAAPAPAEKTPVK,6.362623e-05,0.0027049533,0.3235052,0.19452034,0.0016311991,0.0024068996,0.093759835,0.015649926,2.543175e-06,0.0008143249,0.00058740255,6.4986644e-08,0.0006386692,8.3338125e-07,0.0004428164,6.680589e-14,4.5519027e-05,0.0043797316,0.00013871353,2.6323153e-09
SDKPDMAEIEKFDKSKLKKTETQEKNPLPSKETIEQEKQ,1.2072765e-05,0.0043745376,0.360795,0.06909067,0.00011959218,0.0020966963,0.17868194,0.014500767,2.0862215e-05,0.06548183,0.15248641,2.5312053e-08,0.10152785,9.807449e-06,6.676922e-06,2.7964015e-11,2.9911575e-07,0.0012598939,4.5318582e-05,7.9094904e-11
SDKPDMAEIEKFDKSKLKKTETQE,2.6645077e-05,0.0039254194,0.34508994,0.03565573,0.00039852882,0.046562664,0.3354842,0.0716855,0.00020462794,0.008732949,0.10446572,4.7972684e-08,0.069502175,5.9830178e-05,0.00012940918,2.0824065e-09,8.53168e-08,0.00012840722,0.0007424437,5.239118e-12
VTLAAHLPAEFTPAVHASLDKFLASVSTVLTSKYR,0.0091222515,0.025052372,0.42610765,0.010921686,0.00058571063,0.0052250554,0.7951337,0.07026097,5.651043e-08,1.2649008e-05,5.8823167e-05,8.5277935e-07,0.0005334258,1.0835163e-06,0.0005549964,2.3274715e-09,4.3766636e-11,1.145626e-07,7.2035317e-07,8.61325e-18
TETQEKNPLPSKETI,1.6755444e-05,0.007046108,0.23797889,0.28030556,1.0505457e-05,0.0005029444,0.0013766673,0.0013343518,3.960613e-07,8.241914e-05,0.00013252719,1.5467823e-08,0.003236524,6.3677326e-05,0.00016510252,2.5542253e-09,0.008407006,0.30662775,0.116401196,9.723824e-06
TQEKNPLPSKETIEQEKQ,6.0463312e-06,0.006824722,0.45295197,0.5037115,1.6111317e-05,0.00055691146,0.065039895,0.005244921,9.3057115e-06,0.004346656,0.0032384382,6.7942824e-10,0.008616735,1.4706604e-05,2.73284e-05,4.1165262e-11,0.0008658624,0.07229115,0.00019573912,1.1489896e-09
ATGGKYVPRAILVDLEPGTMDSVR,3.1340387e-06,0.001093078,0.47453913,0.014138128,0.00018207036,0.0018860683,0.21504307,0.037010435,2.4786312e-05,0.023486389,0.3151497,1.9279149e-12,2.528635e-06,4.448817e-07,4.876475e-06,5.768182e-13,8.899719e-09,1.7567001e-05,1.6095348e-06,6.98352e-14
APPEPVPPPRAAPAPTHV,4.3978303e-06,0.00035361477,9.156087e-05,1.512157e-05,4.6769816e-08,2.3637213e-05,6.175464e-05,0.0004398607,4.392269e-06,0.74265915,0.17650545,8.72342e-12,9.163248e-06,4.909186e-06,2.5320671e-06,1.2065993e-12,3.4777287e-07,0.00013035182,3.8892963e-06,7.8547065e-13
LDKFLASVSTVLTSKYR,0.0067202137,0.030114332,0.54428697,0.16842154,0.0066313124,0.014738904,0.80171317,0.24326596,7.164362e-08,7.1635245e-06,1.1806843e-05,2.4146996e-10,2.4831574e-05,5.121975e-06,0.037927978,2.5645783e-10,8.1488864e-08,3.6700665e-05,0.0025613862,1.88368e-12
SDKPDMAEIEKFDKSKLKKTETQEKNPLPSKETIEQEK,1.6726879e-05,0.004556992,0.41509938,0.09043045,0.00027786382,0.0027772284,0.29495478,0.05637303,8.726273e-06,0.009856929,0.122019805,3.260379e-08,0.100712694,4.4434214e-06,4.7066237e-06,2.4452398e-11,5.412398e-08,0.000115146184,1.6382804e-06,2.8394808e-12
EAIPMSIPPEVKFNKPFVFLMIEQNTKSPLFMGKVVNPTQK,1.0535884e-06,0.00014328014,0.79512656,0.28303903,1.21203575e-05,0.00033497953,0.015536119,0.0027262126,4.4502763e-10,1.9871e-06,0.00021504347,2.3481252e-08,0.00092021393,2.3060654e-06,1.934602e-05,6.8409306e-10,6.665576e-10,6.7065406e-07,5.606873e-09,6.304893e-18
DDDIAALVVDNGSGMCK,9.6802705e-06,0.002025904,0.5984348,0.09225478,0.0034368031,0.0024401746,0.52148354,0.105056345,7.4231366e-08,8.67362e-05,0.000448883,2.3507146e-17,7.37613e-07,4.1361552e-08,1.03637e-06,2.353399e-16,3.2843597e-10,2.968688e-07,7.682155e-07,4.6563807e-14
SDKPDMAEIEKFDKSKLKKTETQ,8.541345e-05,0.0063877366,0.31925216,0.03380292,0.00029538138,0.022745831,0.25249654,0.051714886,0.00065169006,0.0055337804,0.0574233,4.644253e-08,0.019825578,8.124688e-06,7.096273e-05,1.1771745e-09,5.0367436e-08,8.786505e-05,9.166064e-05,1.3337798e-12
TYAPVISAEKAYHEQL,8.771518e-06,0.00059413374,0.118412696,0.024829917,2.7400829e-05,0.00076359336,0.033306926,0.008117902,0.00014980575,0.17891586,0.110163234,1.4317276e-09,0.002860418,0.0031331677,0.0007652332,1.843211e-07,7.378105e-07,9.79289e-05,3.825864e-06,4.0368772e-13
WISKQEYDESGPSIVHRK,0.000597846,0.009117859,0.44358426,0.06200532,0.00037735025,0.011287733,0.22523849,0.022362532,3.9193305e-06,0.020583665,0.075094685,3.2107975e-16,2.763672e-07,2.5831528e-07,1.8649107e-06,1.7498918e-15,3.3460572e-09,3.2658365e-06,8.8227046e-07,7.97788e-15
LDPANITLEPMEIRTFLASVQWK,6.6037856e-06,0.0005421612,0.30440745,0.19277589,0.00010679689,0.010304762,0.17602243,0.018506467,6.0057226e-07,0.00043118862,0.004486093,2.338857e-07,0.10739358,0.001625794,0.004549113,5.8573164e-08,1.2234716e-07,3.9868668e-05,0.0008550648,3.3320492e-11
VANPNSAIFGGARPREEVVQKEQE,2.1004627e-05,0.0009942328,0.39988276,0.011383083,6.187104e-05,0.0005393079,0.18006305,0.020158935,0.0011354057,0.15237239,0.49436727,8.3401765e-11,0.0010990271,6.6975144e-07,9.94158e-06,3.440181e-12,3.4638328e-10,2.248544e-05,3.0078826e-09,5.6706114e-16
DPANITLEPMEIRTFLASVQWK,9.455306e-06,0.00056316925,0.2774718,0.07914262,9.0369824e-05,0.007416504,0.15174945,0.019391652,1.7176806e-06,0.0010718557,0.005006847,5.8412162e-08,0.02538627,0.000107613174,0.003606302,7.908045e-09,1.1001748e-07,3.6461002e-05,0.00039813732,1.0871452e-10
ASGVAVSDGVIKVFNDMKVR,0.000116552925,0.0031332471,0.23745851,0.017640894,0.0003043195,0.002996624,0.35014123,0.030838752,6.528575e-08,0.0018936641,0.0010331078,1.359123e-10,0.001046358,4.5663562e-08,8.15448e-06,4.9748174e-12,2.1677982e-08,1.101697e-05,1.575853e-06,1.2552466e-12
AGFAGDDAPRAVFPSIVG,9.886748e-06,0.00062060193,0.16103257,0.0026193887,0.0001824121,0.0011273636,0.60898304,0.018400269,3.380676e-06,0.070069745,0.0059507727,2.3625018e-08,5.6274504e-05,0.00048492578,0.0005232626,3.7406593e-08,1.0985761e-06,0.00042557344,0.047320846,4.974309e-10
ISKQEYDESGPSIVHRKCF,0.0005387117,0.0065074153,0.4312883,0.041048713,0.0014228903,0.003963315,0.31540895,0.04264521,1.34179545e-05,0.023704808,0.14770916,1.2083901e-18,6.0510414e-09,1.402373e-10,5.0088932e-08,2.494093e-18,7.591052e-10,1.4680184e-06,6.718661e-08,1.4155583e-17
SGPSIVHRKCF,6.527863e-05,0.0017804703,0.11192612,0.013877818,0.0005646107,0.0049863877,0.6754,0.074730136,9.3240205e-06,0.0009327531,0.0045065666,2.7413308e-22,7.59181e-10,2.4204944e-11,1.7931492e-07,2.1955397e-21,4.5241342e-07,0.00015202825,8.0221906e-07,5.295671e-14
VLAHHFGKEFTPPVQAAYQKVVAGVANALAHKYH,8.790484e-05,0.0026806362,0.52628005,0.018047603,0.0034661822,0.0018435093,0.9507596,0.23266438,1.120747e-07,0.0032121805,0.03610306,5.3478676e-17,2.5850667e-07,4.9696325e-08,1.8903701e-07,1.3987121e-15,1.1451646e-08,9.337762e-06,4.50425e-08,2.0959849e-16
GKEFTPPVQAAYQKVVAGVANALAHKYH,0.00030265565,0.0063188286,0.44795936,0.018027198,0.00057577284,0.003424323,0.9674487,0.29897538,2.0588256e-08,0.00011522195,0.0014353942,7.709597e-14,1.5787592e-07,9.988342e-08,5.099473e-06,1.05192534e-13,1.6262217e-06,0.00039109867,9.951467e-08,8.454009e-14
LVTLAAHLPAEFTPAVHASLDKFLASVSTVLTSKYR,0.014904246,0.027994767,0.4373259,0.014029644,0.00041694473,0.0046894727,0.7780703,0.096965514,3.8846803e-08,1.7094086e-05,0.00013171908,4.2663198e-10,0.00024682813,1.7225912e-07,8.41814e-05,4.983236e-11,4.466934e-12,2.4107724e-08,2.7430488e-07,3.831051e-19
SETAPAAPAAPAPAEKTPVKK,4.9668168e-05,0.0023234754,0.2772522,0.10630617,0.0005413052,0.0032452461,0.12323245,0.011580149,1.1481912e-06,0.00020392537,0.0008662936,3.4266247e-08,0.00013398193,6.7645697e-06,0.0006844259,2.3397614e-12,2.7552798e-07,8.957429e-05,1.2441697e-06,5.077854e-12
AAYQKVVAGVANALAHKYH,0.022517469,0.036664635,0.28214544,0.03446465,0.00034510437,0.0024017435,0.9833745,0.49258733,1.4227354e-09,5.418999e-06,6.635256e-06,1.6460456e-14,9.60143e-07,5.905805e-08,6.8319514e-07,8.465213e-15,8.485369e-05,0.0068655116,6.18481e-05,9.001397e-12
AEFTPAVHASLDKFLASVSTVLTSKYR,0.0047754743,0.030220594,0.4551629,0.026502922,0.0010269139,0.0085921865,0.90297663,0.16706651,2.1186267e-07,0.00094405544,0.002108308,1.032359e-10,0.00032782467,1.1391026e-08,5.4990553e-05,9.761334e-12,3.7019873e-11,1.553688e-07,9.879354e-07,1.3574161e-17
AEPSAATQSHSIS,3.3062024e-06,0.000584016,0.22315983,0.21231484,0.00018184926,0.0017448065,0.18182936,0.044556037,0.000883436,0.019672424,0.0050861756,2.0701271e-10,3.5499223e-05,1.0631229e-07,0.00045344577,8.1148467e-13,0.004672113,0.06186018,0.035963736,4.0457866e-07
RQLFHPEQLITGKEDAANNY,3.864461e-05,0.008711205,0.122178614,0.0070209866,0.00023396089,0.001499775,0.13722599,0.0591956,6.3854204e-06,0.005510987,0.063854896,2.8044605e-11,3.8883513e-06,2.0330735e-05,0.00067852816,1.0963322e-09,1.611554e-07,9.594412e-05,4.8373175e-07,3.577254e-14
VGPPKNDDTPNRQYWDEDLLMKVLEYLNQEKAEKGREHIA,4.975677e-06,0.0010320938,0.029249603,0.0070537105,7.3182077e-06,0.0002655125,0.0010798166,0.0014445873,3.226906e-06,0.33489335,0.7323448,3.2070229e-09,9.144732e-05,7.969503e-05,0.0010615191,1.4400918e-09,2.2840917e-05,0.0032859787,7.4877926e-06,4.586502e-12
QEKNPLPSKETI,0.0001582277,0.012633677,0.21613915,0.015191967,0.00016839191,0.00038642,0.052818548,0.00525969,2.1304243e-07,9.160564e-05,7.3387695e-05,4.5924575e-12,0.0005444567,0.0001745924,0.00013922874,2.4364265e-08,0.009857109,0.26662618,0.20748445,7.342208e-06
PPVQAAYQKVVAGVANALAHKYH,0.0029604658,0.023241695,0.5119611,0.06789891,0.0010780883,0.0028580718,0.94931954,0.5191983,1.8256795e-09,5.0642284e-06,1.3861389e-05,1.324692e-12,2.8976542e-06,6.948092e-08,3.6518377e-06,1.0164071e-12,4.5334878e-06,0.00063103525,1.7614393e-07,9.674919e-13
PPPQPPPPPPPPPPPPSY,4.960973e-08,0.0042143306,0.08898626,0.012590559,2.7764841e-05,0.0063453345,0.9977032,0.4737741,1.6275703e-11,2.5694744e-06,3.245826e-05,3.8883078e-14,1.5078402e-07,8.000837e-09,5.6939376e-07,2.9855947e-16,6.9711694e-09,6.2926105e-05,7.9179036e-10,2.0279112e-16
ASLDKFLASVSTVLTSKYR,0.014652049,0.042287678,0.55309737,0.1584791,0.00088834594,0.008975753,0.702438,0.1249275,5.8577007e-07,0.00010361492,5.285467e-05,1.347325e-09,1.0884023e-05,1.9867502e-07,0.0044593117,1.0953368e-11,6.1512934e-10,6.951055e-07,5.940082e-06,8.94873e-16
SETAPAAPAAAPPAEKAPVKK,0.00032763655,0.004813143,0.12352804,0.002563479,2.3816818e-05,0.00059812074,0.13338335,0.008014237,4.2672974e-07,0.00051652687,0.001330446,5.165171e-05,0.011076996,0.0021766047,0.0035035685,8.387109e-09,1.04476975e-07,2.678535e-05,1.9450843e-07,2.4490663e-13
ATKAVCVLKGDGPVQGIINFEQKES,8.779841e-05,0.0030151084,0.49424705,0.07708782,0.00015206487,0.0032921135,0.8156229,0.38858783,3.5421063e-08,3.890621e-05,9.15849e-05,2.4980755e-09,0.0022955167,2.0549363e-05,8.990691e-05,2.099152e-10,1.7488787e-07,4.796135e-05,5.2354695e-05,1.8092478e-12
SETAPAAPAAPAPAEKTPVKKKA,4.4596112e-05,0.0021786334,0.2136461,0.10689928,0.00043659704,0.0011710501,0.114029214,0.011671698,1.0171321e-06,0.0001714156,0.0004167986,8.330757e-09,7.5999137e-06,1.5701636e-07,0.0004958733,2.9249208e-13,1.15409975e-08,4.2652564e-06,5.904034e-08,7.868727e-15
